Workbook

Sheet KLUS
A1: KOD Kluś | B1: EAN Kluś | C1: Nazwa Kluś | D1: Opis Kluś | E1: Cena hurt Kluś
A2: B8288ANODA_1 | B2: 5902280310303 | C2: Profil PIKO anoda e6-k1 1m | D2: Stosować z osłonką nr ref. 17034, zaślepka 24202, 24299 | E2: 13.2
A3: B8288ANODA_2 | B3: 5902280307082 | C3: Profil PIKO anoda e6-k1 2m | D3: Stosować z osłonką nr ref. 17034, zaślepka 24202, 24299 | E3: 26.5
A4: B8288ANODA_3 | B4: 5902280310228 | C4: Profil PIKO anoda e6-k1 3m | D4: Stosować z osłonką nr ref. 17034, zaślepka 24202, 24299 | E4: 39.7
A5: B8288K7_1 | B5: 5902280338079 | C5: Profil PIKO anoda e6-k7 1m | D5: Stosować z osłonką nr ref. 17034, zaślepka 24379, 24399 | E5: 14.4
A6: B8288K7_2 | B6: 5902280338055 | C6: Profil PIKO anoda e6-k7 2m | D6: Stosować z osłonką nr ref. 17034, zaślepka 24379, 24399 | E6: 28.8
A7: B8288K7_3 | B7: 5902280338062 | C7: Profil PIKO anoda e6-k7 3m | D7: Stosować z osłonką nr ref. 17034, zaślepka 24379, 24399 | E7: 43.1
A8: C1167ANODA_1 | B8: 5902280322252 | C8: Profil PIKO-O anoda e6-k1 1m | D8: Stosować z osłonką nr ref. 17164, zaślepka 24321 | E8: 13.1
A9: C1167ANODA_2 | B9: 5902280319887 | C9: Profil PIKO-O anoda e6-k1 2m | D9: Stosować z osłonką nr ref. 17164, zaślepka 24321 | E9: 26.2
A10: C1167ANODA_3 | B10: 5902280322009 | C10: Profil PIKO-O anoda e6-k1 3m | D10: Stosować z osłonką nr ref. 17164, zaślepka 24321 | E10: 39.3
A11: C1167K7_1 | B11: 5902280327677 | C11: Profil PIKO-O anoda e6-k7 1m | D11: Stosować z osłonką nr ref. 17164, zaślepka 24327 | E11: 14
A12: C1167K7_2 | B12: 5902280326182 | C12: Profil PIKO-O anoda e6-k7 2m | D12: Stosować z osłonką nr ref. 17164, zaślepka 24327 | E12: 28
A13: C1167K7_3 | B13: 5902280326175 | C13: Profil PIKO-O anoda e6-k7 3m | D13: Stosować z osłonką nr ref. 17164, zaślepka 24327 | E13: 42
... A109: B9325L9010OD_2 | B109: 5902280348412 | C109: Profil SILER lakier ral9010 2m | D109: Profil anodowany, stosować z zaślepka ref. 24382, 42630, 24407, pasujące osłony 17039, 17049 | E109: 61.4
A110: B1718NA_2 | B110: 5906660780038 | C110: Profil led PDS4 2m | E110: 23.9
A113: C1587ANODA_1 | B113: 5902280330059 | C113: Profil MICRO-NK anoda e6-k1 1m | D113: Profil anodowany, Używać z zaślepkami 24346, 24347 i osłonkami ref. 17071, 17072, 17037 | E113: 19.3
A114: C1587ANODA_2 | B114: 5902280327059 | C114: Profil MICRO-NK anoda e6-k1 2m | D114: Profil anodowany, Używać z zaślepkami 24346, 24347 i osłonkami ref. 17071, 17072, 17037 | E114: 37.6
A115: C1587ANODA_3 | B115: 5902280328094 | C115: Profil MICRO-NK anoda e6-k1 3m | D115: Profil anodowany, Używać z zaślepkami 24346, 24347 i osłonkami ref. 17071, 17072, 17037 | E115: 57.8
A116: C1587K7_1 | B116: 5902280334484 | C116: Profil MICRO-NK anoda e6-k7 1m | D116: Profil anodowany, Używać z zaślepkami 24362, 24363 i osłonkami ref. 17071, 17072, 17037 | E116: 21.4
A117: C1587K7_2 | B117: 5902280332602 | C117: Profil MICRO-NK anoda e6-k7 2m | D117: Profil anodowany, Używać z zaślepkami 24362, 24363 i osłonkami ref. 17071, 17072, 17037 | E117: 42.7
A118: C1587K7_3 | B118: 5902280333807 | C118: Profil MICRO-NK anoda e6-k7 3m | D118: Profil anodowany, Używać z zaślepkami 24362, 24363 i osłonkami ref. 17071, 17072, 17037 | E118: 64.1
A119: C1587L9010OD_1 | B119: 5902280348733 | C119: Profil MICRO-NK lakier ral9010 1m | D119: Profil anodowany, Używać z zaślepkami 24362, 24363, 24408, 24409 i osłonkami ref. 17071, 17072, 17037 | E119: 22.6
A120: C1587L9010OD_2 | B120: 5902280348726 | C120: Profil MICRO-NK lakier ral9010 2m | D120: Profil anodowany, Używać z zaślepkami 24362, 24363, 24408, 24409 i osłonkami ref. 17071, 17072, 17037 | E120: 45.2
A121: C1588ANODA_1 | B121: 5902280330035 | C121: Profil PDS-NK anoda e6-k1 1m | D121: Profil anodowany, Używać z zaślepkami ref.24338, 24339 i osłonkami ref. 17071, 17072, 17037 | E121: 19.3
A122: C1588ANODA_2 | B122: 5902280327066 | C122: Profil PDS-NK anoda e6-k1 2m | D122: Profil anodowany, Używać z zaślepkami ref.24338, 24339 i osłonkami ref. 17071, 17072, 17037 | E122: 38.5
A123: C1588ANODA_3 | B123: 5902280328087 | C123: Profil PDS-NK anoda e6-k1 3m | D123: Profil anodowany, Używać z zaślepkami ref.24338, 24339 i osłonkami ref. 17071, 17072, 17037 | E123: 57.8
A124: C1588K7_1 | B124: 5902280330042 | C124: Profil PDS-NK anoda e6-k7 1m | D124: Profil anodowany, Używać z zaślepkami ref. 24342, 24343 i osłonkami ref. 17071, 17072, 17037 | E124: 22.8
... A534: B8338NA_2 | B534: 5902280308119 | C534: Profil FOLHAK surowy 2m | D534: Profil anodowany, stosować z ref. 79106, B8332NA, B8333NA, B8334NA | E534: 15.3
A535: H1179L9010OD_1 | B535: 5902280354598 | C535: Profil POKET lakier RAL9010 1m | E535: 227
A536: H1179L9010OD_2 | B536: 5902280352815 | C536: Profil POKET lakier RAL9010 2m | E536: 453.9
A537: H1179L9010OD_3 | B537: 5902280352822 | C537: Profil POKET lakier RAL9010 3m | E537: 680.9
A538: H1179NA_1 | B538: 5902280354604 | C538: Profil POKET surowy 1000 | E538: 109.7
A539: H1179NA_2 | B539: 5902280345756 | C539: Profil POKET surowy 2005 | E539: 219.4
A540: H1179NA_3 | B540: 5902280345787 | C540: Profil POKET surowy 3m | E540: 306.2
A541: H1234L9010OD_1 | B541: 5902280354611 | C541: Profil POK-US lakier RAL9010 1m | E541: 163.8
A542: H1234L9010OD_2 | B542: 5902280352877 | C542: Profil POK-US lakier RAL9010 2m | E542: 327.5
A543: H1234L9010OD_3 | B543: 5902280352884 | C543: Profil POK-US lakier RAL9010 3m | E543: 473.9
A544: H1234NA_1 | B544: 5902280354628 | C544: Profil POK-US surowy 1m | E544: 106.2
A545: H1234NA_2 | B545: 5902280345763 | C545: Profil POK-US surowy 2m | E545: 212.4
A546: H1234NA_3 | B546: 5902280345800 | C546: Profil POK-US surowy 3m | E546: 310.3
... A558: H1233NA_3 | B558: 5902280345794 | C558: Profil DIPOK-US surowy 3m | E558: 287.3
A559: C4106ANODA_1 | B559: 5902280350217 | C559: Profil PLAKIN-DUO anoda e6-k1 1m | D559: konieczny zakup razem z Listwą Montażową C20000C02 aby zamontować profil na ścianie | E559: 125
A560: C4106ANODA_2 | B560: 5902280350194 | C560: Profil PLAKIN-DUO anoda e6-k1 2m | D560: konieczny zakup razem z Listwą Montażową C20000C02 aby zamontować profil na ścianie | E560: 250
A561: C4106ANODA_3 | B561: 5902280350200 | C561: Profil PLAKIN-DUO anoda e6-k1 3m | D561: konieczny zakup razem z Listwą Montażową C20000C02 aby zamontować profil na ścianie | E561: 375
A562: C4106K7_1 | B562: 5902280350255 | C562: Profil PLAKIN-DUO anoda e6-k7 1m | D562: konieczny zakup razem z Listwą Montażową C20000C02 aby zamontować profil na ścianie | E562: 133
A563: C4106K7_2 | B563: 5902280350262 | C563: Profil PLAKIN-DUO anoda e6-k7 2m | D563: konieczny zakup razem z Listwą Montażową C20000C02 aby zamontować profil na ścianie | E563: 266
A564: C4106K7_3 | B564: 5902280350279 | C564: Profil PLAKIN-DUO anoda e6-k7 3m | D564: konieczny zakup razem z Listwą Montażową C20000C02 aby zamontować profil na ścianie | E564: 399
A565: A04106L10_1 | B565: 5902280359579 | C565: Profil PLAKIN-DUO lakierowany biały | D565: konieczny zakup razem z Listwą Montażową C20000C02 aby zamontować profil na ścianie | E565: 140
A566: A04106L10_2 | B566: 5902280359531 | C566: Profil PLAKIN-DUO lakierowany biały | D566: konieczny zakup razem z Listwą Montażową C20000C02 aby zamontować profil na ścianie | E566: 280
A567: A04106L10_3 | B567: 5902280359548 | C567: Profil PLAKIN-DUO lakierowany biały | D567: konieczny zakup razem z Listwą Montażową C20000C02 aby zamontować profil na ścianie | E567: 420
A568: C4106NA_1 | B568: 5902280350224 | C568: Profil PLAKIN-DUO surowy 1m | D568: konieczny zakup razem z Listwą Montażową C20000C02 aby zamontować profil na ścianie | E568: 90
A569: C4106NA_2 | B569: 5902280350231 | C569: Profil PLAKIN-DUO surowy 2m | D569: konieczny zakup razem z Listwą Montażową C20000C02 aby zamontować profil na ścianie | E569: 180
A570: C4106NA_3 | B570: 5902280350248 | C570: Profil PLAKIN-DUO surowy 3m | D570: konieczny zakup razem z Listwą Montażową C20000C02 aby zamontować profil na ścianie | E570: 270
... A774: 0945_3 | B774: 5906660786276 | C774: Osłona HR-ALU mleczna 3m | D774: Osłona do profili:HR-ALU, HR-ALU anodowany | E774: 50.1
A775: B3579ANODA_1 | C775: HRLINE-ALU-1M-A | E775: 73.7
A776: B3579ANODA_2 | C776: HRLINE-ALU-2M-A | E776: 147.4
A777: B3579ANODA_3 | C777: HRLINE-ALU-3M-A | E777: 221.1
A778: 17151_1 | B778: 5902280310877 | C778: Osłona HR-LINE-2 mleczna 1m | D778: dla profili HR-LINE, HR-LINE Anodowany | E778: 47.3
A779: 17151_2 | B779: 5902280308270 | C779: Osłona HR-LINE-2 mleczna 2m | D779: dla profili HR-LINE, HR-LINE Anodowany | E779: 94.6
A780: 17151_3 | B780: 5902280310839 | C780: Osłona HR-LINE-2 mleczna 3m | D780: dla profili HR-LINE, HR-LINE Anodowany | E780: 141.9
A781: 17152_1 | B781: 5902280343264 | C781: Osłona HR-21 mleczna 1m | D781: Dla profili HR-MAX, HR-OPTI | E781: 47.5
A782: 17152_2 | B782: 5902280337065 | C782: Osłona HR-21 mleczna 2m | D782: Dla profili HR-MAX, HR-OPTI | E782: 94.9
A783: 17152_3 | B783: 5902280337096 | C783: Osłona HR-21 mleczna 3m | D783: Dla profili HR-MAX, HR-OPTI | E783: 142.4
A784: 17127_1 | B784: 5902280342670 | C784: Wkładka ochronna TECH-35 1m | D784: Dla profili HR-MAX-T, HR-MAX-TW | E784: 9.8
A785: 17127_2 | B785: 5902280342656 | C785: Wkładka ochronna TECH-35 2m | D785: Dla profili HR-MAX-T, HR-MAX-TW | E785: 19.6
A786: 17127_3 | B786: 5902280342663 | C786: Wkładka ochronna TECH-35 3m | D786: Dla profili HR-MAX-T, HR-MAX-TW | E786: 29.4
A787: 17131_1 | B787: 5902280308287 | C787: Osłona KIDES-DUO mrożona 1m | D787: Osłona do profilu: ref. 18032ANODA - KIDES DUO | E787: 48.2
A788: 17131_2 | B788: 5902280308294 | C788: Osłona KIDES-DUO mrożona 2m | D788: Osłona do profilu: ref. 18032ANODA - KIDES DUO | E788: 96.4
A789: 17131_3 | B789: 5902280308300 | C789: Osłona KIDES-DUO mrożona 3m | D789: Osłona do profilu: ref. 18032ANODA - KIDES DUO | E789: 144.6
... A808: 17069_10 | B808: 5902280357896 | C808: Osłona BENCO-7 10m | D808: Osłona do zaginanych profili PIKO / PIKO-ZM / LINO | E808: 220
A809: 24202 | B809: 5902280308188 | C809: Zaślepka PIKO ral7035 | D809: dla profili PIKO | E809: 2.2
A810: 24299 | B810: 5902280321576 | C810: Zaślepka PIKO-OTW ral7035 | D810: dla profili PIKO | E810: 3.2
A811: 24321 | B811: 5902280326496 | C811: Zaślepka PIKO-O ral7035 | D811: dla profili PIKO-O | E811: 2.6
A812: 24376 | B812: 5902280337089 | C812: Zaślepka PIKO-O-OTW ral7035 | D812: dla profili PIKO-O | E812: 3.3
A813: 24413 | B813: 5902280340690 | C813: Zaślepka PIKO-O ral9010 | D813: dla profili PIKO-O | E813: 2.6
A814: 24414 | B814: 5902280340706 | C814: Zaślepka PIKO-O-OTW ral9010 | D814: dla profili PIKO-O | E814: 3.5
A815: 24369 | B815: 5902280334903 | C815: Zaślepka PIKO-O-90 ral7015 | D815: dla profili PIKO-O | E815: 22
A816: 24303 | B816: 5902280321682 | C816: Zaślepka TEPIKO ral7035 | D816: dla profili TEPIKO | E816: 3.3
A817: 24307 | B817: 5902280322993 | C817: Zaślepka PIKO-ZM ral7035 | D817: dla profili PIKO-ZM | E817: 2.9
A818: 24359 | B818: 5902280331551 | C818: Zaślepka PIKO-ZM-OTW ral7035 | D818: dla profili PIKO-ZM | E818: 3.3
A819: 24201 | B819: 5902280308171 | C819: Zaślepka LINO ral7035 | D819: dla profili LINO | E819: 2.6
A820: 24250 | B820: 5902280321583 | C820: Zaślepka LINO-OTW ral7035 | D820: dla profili PIKO | E820: 3.6
... A824: 24393 | B824: 5902280339441 | C824: Zaślepka MICRO-PLUS-OTW ral7035 | D824: dla profili MICRO-PLUS | E824: 4.8
A825: C24392C10 | B825: 5902280358510 | C825: Zaślepka MICRO-PLUS ral9010 biała | D825: dla profili MICRO-PLUS | E825: 3.9
A826: C24392C10TW | B826: 5902280358527 | C826: Zaślepka MICRO-PLUS-OTW ral9010 biały | D826: dla profili MICRO-PLUS | E826: 3.9
A827: C24392L01 | B827: 5902280358534 | C827: Zaślepka MICRO-PLUS Srebrny | D827: dla profili MICRO-PLUS | E827: 6
A828: C24392L01TW | B828: 5902280358541 | C828: Zaślepka MICRO-PLUS-OTW srebrny | D828: dla profili MICRO-PLUS | E828: 7
A829: 24216 | B829: 5902280319627 | C829: Zaślepka M-K ral7035 | D829: dla profili Micro z osłonką M-K | E829: 2.7
A830: 24261 | B830: 5902280315070 | C830: Zaślepka MICRO-H ral7035 | D830: dla profili MICRO-H | E830: 2.7
A831: 1430 | B831: 5906660780816 | C831: Zaślepka MICRO-K ral7035 | D831: dla profili MICRO-K | E831: 2.7
A832: 1448 | B832: 5906660780885 | C832: Zaślepka MICRO-K-OTW ral7035 | D832: dla profili MICRO-K | E832: 2.7
A833: 24427 | B833: 5902280344742 | C833: Zaślepka MICRO-LNK ral7035 | D833: dla profili MICRO-NK | E833: 2.7
A834: 24429 | B834: 5902280344766 | C834: Zaślepka MICRO-LNK-OTW ral7035 | D834: dla profili MICRO-NK | E834: 2.8
A835: 24431 | B835: 5902280344780 | C835: Zaślepka MICRO-LNK ral9005 | D835: dla profili MICRO-NK | E835: 2.7
A836: 24433 | B836: 5902280344803 | C836: Zaślepka MICRO-LNK-OTW ral9005 | D836: dla profili MICRO-NK | E836: 2.8
A837: 24442 | B837: 5902280346166 | C837: Zaślepka MICRO-LNK ral9010 | D837: dla profili MICRO-NK | E837: 2.7
A838: 24443 | B838: 5902280346173 | C838: Zaślepka MICRO-LNK-OTW ral9010 | D838: dla profili MICRO-NK | E838: 2.8
A839: 24445 | B839: 5902280346180 | C839: Zaślepka MICRO-LNK metalizowana | D839: dla profili MICRO-NK | E839: 5.7
A840: 24446 | B840: 5902280346197 | C840: Zaślepka MICRO-LNK-OTW metalizowana | D840: dla profili MICRO-NK | E840: 5.7
... A879: 310 | B879: 5906660785521 | C879: Zaślepka REGULOR ral7035 | D879: dla profili Regulor ZWK | E879: 2.7
...

Sheet Baza WFMAG
A1: Artykuł | B1: Nr katalogowy | C1: VAT zakupu | D1: Waluta zakupu | E1: Cena zakupu netto | F1: Cena zakupu brutto | G1: IdCeny | H1: Cena | I1: Netto | J1: Brutto | K1: Tryb | L1: VAT sprzedaży | M1: Waluta sprzedaży
A2: Baza okragła do lampy Patyk-26 Fornir Kluś | B2: KLU-AKC-00014 | G2: 1 | H2: Detaliczna | I2: 353.4 | J2: 434.68 | K2: netto | L2: 23
A3: Baza okragła do lampy Patyk-26 Fornir Kluś | B3: KLU-AKC-00014 | G3: 2 | H3: Hurtowa | I3: 353.4 | J3: 434.68 | K3: netto | L3: 23
A4: Blokada ZD do zamka Kluś | B4: 1775 | G4: 1 | H4: Detaliczna | I4: 8.29 | J4: 10.2 | K4: netto | L4: 23
A5: Blokada ZD do zamka Kluś | B5: 1775 | G5: 2 | H5: Hurtowa | I5: 8.3 | J5: 10.21 | K5: netto | L5: 23
A6: Broszura profile i akcesoria PL-EN v6 Kluś | B6: Pro000093 | G6: 1 | H6: Detaliczna | I6: 2.03 | J6: 2.5 | K6: netto | L6: 23
A7: Broszura profile i akcesoria PL-EN v6 Kluś | B7: Pro000093 | G7: 2 | H7: Hurtowa | I7: 1 | J7: 1.23 | K7: netto | L7: 23
A8: Dławnica 16x1.5 Kluś | B8: KLU-AKC-00019 | G8: 1 | H8: Detaliczna | I8: 6.5 | J8: 8 | K8: netto | L8: 23
A9: Dławnica 16x1.5 Kluś | B9: KLU-AKC-00019 | G9: 2 | H9: Hurtowa | I9: 6 | J9: 7.38 | K9: netto | L9: 23
A10: Dławnica 16x1.5 M16 Skintop ST-M Kluś | B10: 1799 | G10: 1 | H10: Detaliczna | I10: 4.73 | J10: 5.82 | K10: netto | L10: 23
A11: Dławnica 16x1.5 M16 Skintop ST-M Kluś | B11: 1799 | G11: 2 | H11: Hurtowa | I11: 4.73 | J11: 5.82 | K11: netto | L11: 23
A12: Dławnica 24x1 6 Kluś | B12: 820 | G12: 1 | H12: Detaliczna | I12: 1.14 | J12: 1.4 | K12: netto | L12: 23
A13: Dławnica 24x1 6 Kluś | B13: 820 | G13: 2 | H13: Hurtowa | I13: 0.9 | J13: 1.11 | K13: netto | L13: 23
A14: Dławnica 6x1.2 Kluś | B14: KAT00105 | G14: 1 | H14: Detaliczna | I14: 1.22 | J14: 1.5 | K14: netto | L14: 23
A15: Dławnica 6x1.2 Kluś | B15: KAT00105 | G15: 2 | H15: Hurtowa | I15: 1 | J15: 1.23 | K15: netto | L15: 23
A16: Dławnica 8.8x2.0 Kluś | B16: 00802L | G16: 1 | H16: Detaliczna | I16: 0.89 | J16: 1.09 | K16: netto | L16: 23
A17: Dławnica 8.8x2.0 Kluś | B17: 00802L | G17: 2 | H17: Hurtowa | I17: 0.7 | J17: 0.86 | K17: netto | L17: 23
A18: Dławnica 8x1 Kluś | B18: 1351 | G18: 1 | H18: Detaliczna | I18: 26.95 | J18: 33.15 | K18: netto | L18: 23
A19: Dławnica 8x1 Kluś | B19: 1351 | G19: 2 | H19: Hurtowa | I19: 26.95 | J19: 33.15 | K19: netto | L19: 23
A20: Dławnica 8x1,6 Kluś | B20: Pro000028 | G20: 1 | H20: Detaliczna | I20: 1.06 | J20: 1.3 | K20: netto | L20: 23
A21: Dławnica 8x1,6 Kluś | B21: Pro000028 | G21: 2 | H21: Hurtowa | I21: 1.06 | J21: 1.3 | K21: netto | L21: 23
A22: Dławnica 9.5x4x6.4x3x8 Gland Kluś | B22: KLU-AKC-00020 | G22: 1 | H22: Detaliczna | I22: 0.98 | J22: 1.21 | K22: netto | L22: 23
A23: Dławnica 9.5x4x6.4x3x8 Gland Kluś | B23: KLU-AKC-00020 | G23: 2 | H23: Hurtowa | I23: 0.8 | J23: 0.98 | K23: netto | L23: 23
A24: Dławnica kątowa 16x1.5-l90 Kluś | B24: 1718 | G24: 1 | H24: Detaliczna | I24: 36.34 | J24: 44.7 | K24: netto | L24: 23
A25: Dławnica kątowa 16x1.5-l90 Kluś | B25: 1718 | G25: 2 | H25: Hurtowa | I25: 36.3 | J25: 44.65 | K25: netto | L25: 23
A26: Głowica 45-ST Kluś | B26: 42210 | G26: 1 | H26: Detaliczna | I26: 14.15 | J26: 17.4 | K26: netto | L26: 23
A27: Głowica 45-ST Kluś | B27: 42210 | G27: 2 | H27: Hurtowa | I27: 11.3 | J27: 13.9 | K27: netto | L27: 23
A28: Głowica 45-ZO Kluś | B28: 42211 | G28: 1 | H28: Detaliczna | I28: 19.8 | J28: 24.35 | K28: netto | L28: 23
A29: Głowica 45-ZO Kluś | B29: 42211 | G29: 2 | H29: Hurtowa | I29: 19.8 | J29: 24.35 | K29: netto | L29: 23
A30: Kabel YvKSLY 2x0.5mm2 Kluś | B30: KLU-AKC-00027 | G30: 1 | H30: Detaliczna | I30: 6.67 | J30: 8.2 | K30: netto | L30: 23
A31: Kabel YvKSLY 2x0.5mm2 Kluś | B31: KLU-AKC-00027 | G31: 2 | H31: Hurtowa | I31: 5.3 | J31: 6.52 | K31: netto | L31: 23
A32: Kabel YvKSLY 2x0.75mm2 Kluś | B32: 1719 | G32: 1 | H32: Detaliczna | I32: 7.64 | J32: 9.4 | K32: netto | L32: 23
A33: Kabel YvKSLY 2x0.75mm2 Kluś | B33: 1719 | G33: 2 | H33: Hurtowa | I33: 7.6 | J33: 9.35 | K33: netto | L33: 23
A34: Katalog Kluś POL-ANG v9 | B34: Pro000098 | G34: 1 | H34: Detaliczna | I34: 6.5 | J34: 8 | K34: netto | L34: 23
A35: Katalog Kluś POL-ANG v9 | B35: Pro000098 | G35: 2 | H35: Hurtowa | I35: 5 | J35: 6.15 | K35: netto | L35: 23
A36: Klips HR-MAX Kluś | B36: 1716 | G36: 1 | H36: Detaliczna | I36: 4.07 | J36: 5.01 | K36: netto | L36: 23
A37: Klips HR-MAX Kluś | B37: 1716 | G37: 2 | H37: Hurtowa | I37: 4.1 | J37: 5.04 | K37: netto | L37: 23
A38: Kołek C11 Kluś | B38: 42117 | G38: 1 | H38: Detaliczna | I38: 9.35 | J38: 11.5 | K38: netto | L38: 23
A39: Kołek C11 Kluś | B39: 42117 | G39: 2 | H39: Hurtowa | I39: 9.08 | J39: 11.17 | K39: netto | L39: 23
A40: Kostka dwutorowa Kluś | B40: 887 | G40: 1 | H40: Detaliczna | I40: 0.92 | J40: 1.13 | K40: netto | L40: 23
A41: Kostka dwutorowa Kluś | B41: 887 | G41: 2 | H41: Hurtowa | I41: 0.92 | J41: 1.13 | K41: netto | L41: 23
A42: Kształtka Kozel L90 z osłoną mleczną HS-22 | B42: 42817 | G42: 1 | H42: Detaliczna | I42: 40.97 | J42: 50.39 | K42: netto | L42: 23
A43: Kształtka Kozel L90 z osłoną mleczną HS-22 | B43: 42817 | G43: 2 | H43: Hurtowa | I43: 40.97 | J43: 50.39 | K43: netto | L43: 23
A44: Kształtka Kozel L90 z osłoną mleczną LIGER-22 | B44: 42907 | G44: 1 | H44: Detaliczna | I44: 42.28 | J44: 52 | K44: netto | L44: 23
A45: Kształtka Kozel L90 z osłoną mleczną LIGER-22 | B45: 42907 | G45: 2 | H45: Hurtowa | I45: 42.23 | J45: 51.94 | K45: netto | L45: 23
A46: Kształtka Kozel L90PW z osłoną mleczną LIGER-22 | B46: 42909 | G46: 1 | H46: Detaliczna | I46: 40.94 | J46: 50.36 | K46: netto | L46: 23
A47: Kształtka Kozel L90PW z osłoną mleczną LIGER-22 | B47: 42909 | G47: 2 | H47: Hurtowa | I47: 40.94 | J47: 50.36 | K47: netto | L47: 23
... A87: Kształtka Lipod T90 czarny anodowany z osłoną mleczną LIGER-22 | B87: 1104 | G87: 2 | H87: Hurtowa | I87: 65.11 | J87: 80.09 | K87: netto | L87: 23
A88: Kształtka Lipod T90 z osłoną mleczną HS-22 | B88: Pro000130 | G88: 1 | H88: Detaliczna | I88: 88.21 | J88: 108.5 | K88: netto | L88: 23
A89: Kształtka Lipod T90 z osłoną mleczną HS-22 | B89: Pro000130 | G89: 2 | H89: Hurtowa | I89: 88.18 | J89: 108.46 | K89: netto | L89: 23
A90: Kształtka Lipod T90 z osłoną mleczną LIGER-22 | B90: 42748 | G90: 1 | H90: Detaliczna | I90: 63.41 | J90: 77.99 | K90: netto | L90: 23
A91: Kształtka Lipod T90 z osłoną mleczną LIGER-22 | B91: 42748 | G91: 2 | H91: Hurtowa | I91: 61.93 | J91: 76.17 | K91: netto | L91: 23
A92: Kształtka Lipod X135 czarny z osłoną mleczną LIGER-22 | B92: 1376 | G92: 1 | H92: Detaliczna | I92: 65.85 | J92: 81 | K92: netto | L92: 23
A93: Kształtka Lipod X135 czarny z osłoną mleczną LIGER-22 | B93: 1376 | G93: 2 | H93: Hurtowa | I93: 65.97 | J93: 81.14 | K93: netto | L93: 23
A94: Kształtka Lipod X135 z osłoną mleczną LIGER-22 | B94: 42750 | G94: 1 | H94: Detaliczna | I94: 77.24 | J94: 95.01 | K94: netto | L94: 23
A95: Kształtka Lipod X135 z osłoną mleczną LIGER-22 | B95: 42750 | G95: 2 | H95: Hurtowa | I95: 76.37 | J95: 93.94 | K95: netto | L95: 23
A96: Kształtka Lipod X90 z osłoną mleczną LIGER-22 | B96: 42749 | G96: 1 | H96: Detaliczna | I96: 78.05 | J96: 96 | K96: netto | L96: 23
A97: Kształtka Lipod X90 z osłoną mleczną LIGER-22 | B97: 42749 | G97: 2 | H97: Hurtowa | I97: 77.27 | J97: 95.04 | K97: netto | L97: 23
A98: Kształtka Lokom L90 z osłoną mleczną HS-22 | B98: 42784 | G98: 1 | H98: Detaliczna | I98: 40.65 | J98: 50 | K98: netto | L98: 23
A99: Kształtka Lokom L90 z osłoną mleczną HS-22 | B99: 42784 | G99: 2 | H99: Hurtowa | I99: 40 | J99: 49.2 | K99: netto | L99: 23
A100: Kształtka Lokom L90 z osłoną mleczną LIGER-22 | B100: 42795 | G100: 1 | H100: Detaliczna | I100: 40.65 | J100: 50 | K100: netto | L100: 23
A101: Kształtka Lokom L90 z osłoną mleczną LIGER-22 | B101: 42795 | G101: 2 | H101: Hurtowa | I101: 38.61 | J101: 47.49 | K101: netto | L101: 23
... A113: Linka stalowa FI 1.00mm L=2m Kluś | B113: 66 | G113: 2 | H113: Hurtowa | I113: 4.1 | J113: 5.04 | K113: netto | L113: 23
A114: Lnka CU w izolacji fi 1.35mm Kluś | B114: KLU-AKC-00028 | G114: 1 | H114: Detaliczna | I114: 20 | J114: 24.6 | K114: netto | L114: 23
A115: Lnka CU w izolacji fi 1.35mm Kluś | B115: KLU-AKC-00028 | G115: 2 | H115: Hurtowa | I115: 16 | J115: 19.68 | K115: netto | L115: 23
A116: Łącznik do profilu led Micro-PD Kluś | B116: 42150 | G116: 1 | H116: Detaliczna | I116: 5.37 | J116: 6.61 | K116: netto | L116: 23
A117: Łącznik do profilu led Micro-PD Kluś | B117: 42150 | G117: 2 | H117: Hurtowa | I117: 4.3 | J117: 5.29 | K117: netto | L117: 23
A118: Łącznik prądowy z uchem FI 5mm Kluś | B118: 807 | G118: 1 | H118: Detaliczna | I118: 0.81 | J118: 1 | K118: netto | L118: 23
A119: Łącznik prądowy z uchem FI 5mm Kluś | B119: 807 | G119: 2 | H119: Hurtowa | I119: 0.55 | J119: 0.68 | K119: netto | L119: 23
A120: Łącznik ZD-90 Kluś | B120: KLU-00069 | G120: 1 | H120: Detaliczna | I120: 10.41 | J120: 12.8 | K120: netto | L120: 23
A121: Łącznik ZD-90 Kluś | B121: KLU-00069 | G121: 2 | H121: Hurtowa | I121: 8.3 | J121: 10.21 | K121: netto | L121: 23
A122: Łącznik ZM-120 Kluś | B122: KLU-AKC-00021 | G122: 1 | H122: Detaliczna | I122: 9.35 | J122: 11.5 | K122: netto | L122: 23
A123: Łącznik ZM-120 Kluś | B123: KLU-AKC-00021 | G123: 2 | H123: Hurtowa | I123: 7.5 | J123: 9.23 | K123: netto | L123: 23
A124: Łącznik ZM-120-G Kluś | B124: 435 | G124: 1 | H124: Detaliczna | I124: 13.98 | J124: 17.2 | K124: netto | L124: 23
A125: Łącznik ZM-120-G Kluś | B125: 435 | G125: 2 | H125: Hurtowa | I125: 14 | J125: 17.22 | K125: netto | L125: 23
A126: Łącznik ZM-135 Kluś | B126: 42720 | G126: 1 | H126: Detaliczna | I126: 9.35 | J126: 11.5 | K126: netto | L126: 23
A127: Łącznik ZM-135 Kluś | B127: 42720 | G127: 2 | H127: Hurtowa | I127: 7.5 | J127: 9.23 | K127: netto | L127: 23
A128: Łącznik ZM-180 Kluś | B128: 42717 | G128: 1 | H128: Detaliczna | I128: 8.62 | J128: 10.6 | K128: netto | L128: 23
A129: Łącznik ZM-180 Kluś | B129: 42717 | G129: 2 | H129: Hurtowa | I129: 6.9 | J129: 8.49 | K129: netto | L129: 23
A130: Łącznik ZM-60 Kluś | B130: KLU-AKC-00007 | G130: 1 | H130: Detaliczna | I130: 17.4 | J130: 21.4 | K130: netto | L130: 23
A131: Łącznik ZM-60 Kluś | B131: KLU-AKC-00007 | G131: 2 | H131: Hurtowa | I131: 13.9 | J131: 17.1 | K131: netto | L131: 23
A132: Łącznik ZM-60-G Kluś | B132: KLU-00061 | G132: 1 | H132: Detaliczna | I132: 12.6 | J132: 15.5 | K132: netto | L132: 23
A133: Łącznik ZM-60-G Kluś | B133: KLU-00061 | G133: 2 | H133: Hurtowa | I133: 10.1 | J133: 12.42 | K133: netto | L133: 23
A134: Łącznik ZM-90 Kluś | B134: 42716 | G134: 1 | H134: Detaliczna | I134: 9.35 | J134: 11.5 | K134: netto | L134: 23
A135: Łącznik ZM-90 Kluś | B135: 42716 | G135: 2 | H135: Hurtowa | I135: 7.5 | J135: 9.23 | K135: netto | L135: 23
A136: Łącznik ZM-90-G Kluś | B136: KLU-00060 | G136: 1 | H136: Detaliczna | I136: 12.6 | J136: 15.5 | K136: netto | L136: 23
A137: Łącznik ZM-90-G Kluś | B137: KLU-00060 | G137: 2 | H137: Hurtowa | I137: 10.1 | J137: 12.42 | K137: netto | L137: 23
A138: Łącznik ZM-MINI-180 Kluś | B138: 698 | G138: 1 | H138: Detaliczna | I138: 10 | J138: 12.3 | K138: netto | L138: 23
A139: Łącznik ZM-MINI-180 Kluś | B139: 698 | G139: 2 | H139: Hurtowa | I139: 10 | J139: 12.3 | K139: netto | L139: 23
A140: Łącznik ZM-NA-135 Kluś | B140: 42725 | G140: 1 | H140: Detaliczna | I140: 9.35 | J140: 11.5 | K140: netto | L140: 23
A141: Łącznik ZM-NA-135 Kluś | B141: 42725 | G141: 2 | H141: Hurtowa | I141: 7.5 | J141: 9.23 | K141: netto | L141: 23
A142: Łącznik ZM-NA-180 Kluś | B142: 42724 | G142: 1 | H142: Detaliczna | I142: 8.62 | J142: 10.6 | K142: netto | L142: 23
A143: Łącznik ZM-NA-180 Kluś | B143: 42724 | G143: 2 | H143: Hurtowa | I143: 6.9 | J143: 8.49 | K143: netto | L143: 23
A144: Łącznik ZM-NA-60 Kluś | B144: 1625 | G144: 1 | H144: Detaliczna | I144: 13.5 | J144: 16.61 | K144: netto | L144: 23
A145: Łącznik ZM-NA-60 Kluś | B145: 1625 | G145: 2 | H145: Hurtowa | I145: 13.5 | J145: 16.61 | K145: netto | L145: 23
A146: Łącznik ZM-NA-90 Kluś | B146: 42723 | G146: 1 | H146: Detaliczna | I146: 9.35 | J146: 11.5 | K146: netto | L146: 23
A147: Łącznik ZM-NA-90 Kluś | B147: 42723 | G147: 2 | H147: Hurtowa | I147: 7.5 | J147: 9.23 | K147: netto | L147: 23
A148: Łącznik ZM-NA-PION-120 Kluś | B148: 800 | G148: 1 | H148: Detaliczna | I148: 13.5 | J148: 16.61 | K148: netto | L148: 23
A149: Łącznik ZM-NA-PION-120 Kluś | B149: 800 | G149: 2 | H149: Hurtowa | I149: 13.5 | J149: 16.61 | K149: netto | L149: 23
... A155: Łącznik ZM-NA-PION-90 Kluś | B155: 42726 | G155: 2 | H155: Hurtowa | I155: 7.4 | J155: 9.1 | K155: netto | L155: 23
...

Sheet PRESCOT kpl
A1: Nazwa cała | B1: R | C1: Cena sprzedaży netto | D1: Nr katalogowy | E1: Indeks handlowy | F1: Kod kreskowy | G1: Indeks producenta | H1: Indeks producenta | I1: Cena hurt Klus | J1: Detal netto | K1: Hurt netto
C2: PRESCOT WFMAG | D2: PRESCOT | E2: PRESCOT | F2: PRESCOT | G2: Profil | H2: Osłona | J2: 0.1 | K2: 0.2
A3: Profil led 45-16 1m anodowany z osłoną mleczną KA | B3: Towar | C3: 27,30 | E3: 45-16-ML-1M-A | F3: 5903684850167 | G3: B8504ANODA_1 | H3: 17035_1 | I3: {=XLOOKUP(G3,KLUS!$A$2:$A$2010,KLUS!$E$2:$E$2010)+XLOOKUP(H3,KLUS!$A$2:$A$2010,KLUS!$E$2:$E$2010)} -> 27.3 | J3: =I3*(1-$J$2) -> 24.57 | K3: =J3*(1-$K$2) -> 19.656
A4: Profil led 45-16 1m anodowany z osłoną mleczną KA-COM | B4: Towar | C4: 21,50 | E4: 45-16-MLC-1M-A | F4: 5901885267586 | G4: B8504ANODA_1 | H4: 17179_1 | I4: {=XLOOKUP(G4,KLUS!$A$2:$A$2010,KLUS!$E$2:$E$2010)+XLOOKUP(H4,KLUS!$A$2:$A$2010,KLUS!$E$2:$E$2010)} -> 21.5 | J4: =I4*(1-$J$2) -> 19.35 | K4: =J4*(1-$K$2) -> 15.48
A5: Profil led 45-16 1m anodowany z osłoną mleczną LIGER | B5: Towar | C5: 30,95 | E5: 45-16-ML-1M-A-L | F5: 5905475360442 | G5: B8504ANODA_1 | H5: 17037_1 | I5: {=XLOOKUP(G5,KLUS!$A$2:$A$2010,KLUS!$E$2:$E$2010)+XLOOKUP(H5,KLUS!$A$2:$A$2010,KLUS!$E$2:$E$2010)} -> 33.7 | J5: =I5*(1-$J$2) -> 30.33 | K5: =J5*(1-$K$2) -> 24.264
A6: Profil led 45-16 1m anodowany z osłoną przeźroczystą KA | B6: Towar | C6: 24,50 | E6: 45-16-CL-1M-A | F6: 5903684850174 | G6: B8504ANODA_1 | H6: 17036_1 | I6: {=XLOOKUP(G6,KLUS!$A$2:$A$2010,KLUS!$E$2:$E$2010)+XLOOKUP(H6,KLUS!$A$2:$A$2010,KLUS!$E$2:$E$2010)} -> 27.3 | J6: =I6*(1-$J$2) -> 24.57 | K6: =J6*(1-$K$2) -> 19.656
A7: Profil led 45-16 1m anodowany z osłoną przeźroczystą KA-COM | B7: Towar | C7: 18,80 | E7: 45-16-CLC-1M-A | F7: 5903684850181 | G7: B8504ANODA_1 | H7: 17122_1 | I7: {=XLOOKUP(G7,KLUS!$A$2:$A$2010,KLUS!$E$2:$E$2010)+XLOOKUP(H7,KLUS!$A$2:$A$2010,KLUS!$E$2:$E$2010)} -> 21.5 | J7: =I7*(1-$J$2) -> 19.35 | K7: =J7*(1-$K$2) -> 15.48
A8: Profil led 45-16 2m anodowany z osłoną mleczną KA | B8: Towar | C8: 35,00 | E8: 45-16-ML-2M-A | F8: 5903684850198 | G8: B8504ANODA_2 | H8: 17035_2 | I8: {=XLOOKUP(G8,KLUS!$A$2:$A$2010,KLUS!$E$2:$E$2010)+XLOOKUP(H8,KLUS!$A$2:$A$2010,KLUS!$E$2:$E$2010)} -> 54.5 | J8: =I8*(1-$J$2) -> 49.05 | K8: =J8*(1-$K$2) -> 39.24
A9: Profil led 45-16 2m anodowany z osłoną mleczną KA-COM | B9: Produkt | C9: 30,00 | E9: 45-16-MLC-2M-A | F9: 5901885267357 | G9: B8504ANODA_2 | H9: 17179_2 | I9: {=XLOOKUP(G9,KLUS!$A$2:$A$2010,KLUS!$E$2:$E$2010)+XLOOKUP(H9,KLUS!$A$2:$A$2010,KLUS!$E$2:$E$2010)} -> 43 | J9: =I9*(1-$J$2) -> 38.7 | K9: =J9*(1-$K$2) -> 30.96
A10: Profil led 45-16 2m anodowany z osłoną mleczną LIGER | B10: Towar | C10: 61,90 | E10: 45-16-ML-2M-A-L | F10: 5905475360459 | G10: B8504ANODA_2 | H10: 17037_2 | I10: {=XLOOKUP(G10,KLUS!$A$2:$A$2010,KLUS!$E$2:$E$2010)+XLOOKUP(H10,KLUS!$A$2:$A$2010,KLUS!$E$2:$E$2010)} -> 67.4 | J10: =I10*(1-$J$2) -> 60.66 | K10: =J10*(1-$K$2) -> 48.528
A11: Profil led 45-16 2m anodowany z osłoną przeźroczystą KA | B11: Towar | C11: 49,00 | E11: 45-16-CL-2M-A | F11: 5903684850204 | G11: B8504ANODA_2 | H11: 17036_2 | I11: {=XLOOKUP(G11,KLUS!$A$2:$A$2010,KLUS!$E$2:$E$2010)+XLOOKUP(H11,KLUS!$A$2:$A$2010,KLUS!$E$2:$E$2010)} -> 54.5 | J11: =I11*(1-$J$2) -> 49.05 | K11: =J11*(1-$K$2) -> 39.24
A12: Profil led 45-16 2m anodowany z osłoną przeźroczystą KA-COM | B12: Towar | C12: 37,60 | E12: 45-16-CLC-2M-A | F12: 5901885267364 | G12: B8504ANODA_2 | H12: 17122_2 | I12: {=XLOOKUP(G12,KLUS!$A$2:$A$2010,KLUS!$E$2:$E$2010)+XLOOKUP(H12,KLUS!$A$2:$A$2010,KLUS!$E$2:$E$2010)} -> 43 | J12: =I12*(1-$J$2) -> 38.7 | K12: =J12*(1-$K$2) -> 30.96
A13: Profil led 45-16 3m anodowany z osłoną mleczną KA | B13: Towar | C13: 73,50 | E13: 45-16-ML-3M-A | F13: 5903684850211 | G13: B8504ANODA_3 | H13: 17035_3 | I13: {=XLOOKUP(G13,KLUS!$A$2:$A$2010,KLUS!$E$2:$E$2010)+XLOOKUP(H13,KLUS!$A$2:$A$2010,KLUS!$E$2:$E$2010)} -> 81.7 | J13: =I13*(1-$J$2) -> 73.53 | K13: =J13*(1-$K$2) -> 58.824
A14: Profil led 45-16 3m anodowany z osłoną mleczną KA-COM | B14: Towar | C14: 56,40 | E14: 45-16-MLC-3M-A | F14: 5901885267593 | G14: B8504ANODA_3 | H14: 17179_3 | I14: {=XLOOKUP(G14,KLUS!$A$2:$A$2010,KLUS!$E$2:$E$2010)+XLOOKUP(H14,KLUS!$A$2:$A$2010,KLUS!$E$2:$E$2010)} -> 64.4 | J14: =I14*(1-$J$2) -> 57.96 | K14: =J14*(1-$K$2) -> 46.368
... A104: PROFIL LED LIPOD 3m MLECZNA ANODOWANY HS 22 | B104: Towar | C104: 168,15 | E104: LIPOD-ALU-ML-3M | F104: 5905475360688 | G104: B5554ANODA_3 | H104: 17011_3 | I104: {=XLOOKUP(G104,KLUS!$A$2:$A$2010,KLUS!$E$2:$E$2010)+XLOOKUP(H104,KLUS!$A$2:$A$2010,KLUS!$E$2:$E$2010)} -> 190.9 | J104: =I104*(1-$J$2) -> 171.81 | K104: =J104*(1-$K$2) -> 137.448
A105: PROFIL LED LIPOD 3m MLECZNA ANODOWANY LI GER22 | B105: Towar | C105: 190,35 | E105: LIPOD-ALU-LIGER-3M | G105: B5554ANODA_3 | H105: 17032V1_3 | I105: {=XLOOKUP(G105,KLUS!$A$2:$A$2010,KLUS!$E$2:$E$2010)+XLOOKUP(H105,KLUS!$A$2:$A$2010,KLUS!$E$2:$E$2010)} -> 213.1 | J105: =I105*(1-$J$2) -> 191.79 | K105: =J105*(1-$K$2) -> 153.432
A106: Profil led LOC-30 1m anodowany z przesło ną przeźroczystą HS22 | B106: Towar | C106: 69,60 | E106: LOC-30-ALU-CL-1M-A | F106: 5903684853410 | G106: 18015ANODA_1 | H106: 17022_1 | I106: {=XLOOKUP(G106,KLUS!$A$2:$A$2010,KLUS!$E$2:$E$2010)+XLOOKUP(H106,KLUS!$A$2:$A$2010,KLUS!$E$2:$E$2010)} -> 79 | J106: =I106*(1-$J$2) -> 71.1 | K106: =J106*(1-$K$2) -> 56.88
A107: PROFIL LED LOC-30 1m MLECZNA ANODOWANY H S22 | B107: Towar | C107: 69,60 | E107: LOC-30-ALU-ML-1M-A | F107: 5903684853403 | G107: 18015ANODA_1 | H107: 17011_1 | I107: {=XLOOKUP(G107,KLUS!$A$2:$A$2010,KLUS!$E$2:$E$2010)+XLOOKUP(H107,KLUS!$A$2:$A$2010,KLUS!$E$2:$E$2010)} -> 79 | J107: =I107*(1-$J$2) -> 71.1 | K107: =J107*(1-$K$2) -> 56.88
A108: PROFIL LED LOC-30 2m MLECZNA ANODOWANY H S22 | B108: Towar | C108: 139,20 | E108: LOC-30-ALU-ML-2M-A | F108: 5905475360695 | G108: 18015ANODA_2 | H108: 17011_2 | I108: {=XLOOKUP(G108,KLUS!$A$2:$A$2010,KLUS!$E$2:$E$2010)+XLOOKUP(H108,KLUS!$A$2:$A$2010,KLUS!$E$2:$E$2010)} -> 158 | J108: =I108*(1-$J$2) -> 142.2 | K108: =J108*(1-$K$2) -> 113.76
A109: PROFIL LED LOC-30 2m PRZEŹROCZYSTA ANODO WANY HS22 | B109: Towar | C109: 139,20 | E109: LOC-30-ALU-CL-2M-A | F109: 5905475360701 | G109: 18015ANODA_2 | H109: 17022_2 | I109: {=XLOOKUP(G109,KLUS!$A$2:$A$2010,KLUS!$E$2:$E$2010)+XLOOKUP(H109,KLUS!$A$2:$A$2010,KLUS!$E$2:$E$2010)} -> 158 | J109: =I109*(1-$J$2) -> 142.2 | K109: =J109*(1-$K$2) -> 113.76
A110: PROFIL LED LOC-30 3m MLECZNA ANODOWANY H S22 | B110: Towar | C110: 208,80 | E110: LOC-30-ALU-ML-3M-A | F110: 5905475360718 | G110: 18015ANODA_3 | H110: 17011_3 | I110: {=XLOOKUP(G110,KLUS!$A$2:$A$2010,KLUS!$E$2:$E$2010)+XLOOKUP(H110,KLUS!$A$2:$A$2010,KLUS!$E$2:$E$2010)} -> 236.9 | J110: =I110*(1-$J$2) -> 213.21 | K110: =J110*(1-$K$2) -> 170.568
A111: PROFIL LED LOC-30 3m PRZEŹROCZYSTA ANODO WANY HS22 | B111: Towar | C111: 208,80 | E111: LOC-30-ALU-CL-3M-A | F111: 5905475360725 | G111: 18015ANODA_3 | H111: 17022_3 | I111: {=XLOOKUP(G111,KLUS!$A$2:$A$2010,KLUS!$E$2:$E$2010)+XLOOKUP(H111,KLUS!$A$2:$A$2010,KLUS!$E$2:$E$2010)} -> 236.9 | J111: =I111*(1-$J$2) -> 213.21 | K111: =J111*(1-$K$2) -> 170.568
A112: PROFIL LED LOKOM 1m MUN ANODOWANY | B112: Towar | C112: 61,65 | E112: LOKOM-ALU-MUN-1M | F112: 5905475360749 | G112: B5553ANODA_1 | H112: 17042_1 | I112: {=XLOOKUP(G112,KLUS!$A$2:$A$2010,KLUS!$E$2:$E$2010)+XLOOKUP(H112,KLUS!$A$2:$A$2010,KLUS!$E$2:$E$2010)} -> 68.8 | J112: =I112*(1-$J$2) -> 61.92 | K112: =J112*(1-$K$2) -> 49.536
A113: PROFIL LED LOKOM 1m PRZEŹROCZYSTA ANODOW ANY | B113: Towar | C113: 56,50 | E113: LOKOM-ALU-CL-1M | F113: 5905475360732 | G113: B5553ANODA_1 | H113: 17022_1 | I113: {=XLOOKUP(G113,KLUS!$A$2:$A$2010,KLUS!$E$2:$E$2010)+XLOOKUP(H113,KLUS!$A$2:$A$2010,KLUS!$E$2:$E$2010)} -> 63.6 | J113: =I113*(1-$J$2) -> 57.24 | K113: =J113*(1-$K$2) -> 45.792
A114: Profil led LOKOM 1m z przesłoną mleczną HS22 | B114: Towar | C114: 56,50 | E114: LOKOM-ALU-ML-1M | F114: 5903684853434 | G114: B5553ANODA_1 | H114: 17011_1 | I114: {=XLOOKUP(G114,KLUS!$A$2:$A$2010,KLUS!$E$2:$E$2010)+XLOOKUP(H114,KLUS!$A$2:$A$2010,KLUS!$E$2:$E$2010)} -> 63.6 | J114: =I114*(1-$J$2) -> 57.24 | K114: =J114*(1-$K$2) -> 45.792
A115: PROFIL LED LOKOM 2m MLECZNA ANODOWANY HS 22 | B115: Towar | C115: 113,00 | E115: LOKOM-ALU-ML-2M | F115: 5903684852475 | G115: B5553ANODA_2 | H115: 17011_2 | I115: {=XLOOKUP(G115,KLUS!$A$2:$A$2010,KLUS!$E$2:$E$2010)+XLOOKUP(H115,KLUS!$A$2:$A$2010,KLUS!$E$2:$E$2010)} -> 127.2 | J115: =I115*(1-$J$2) -> 114.48 | K115: =J115*(1-$K$2) -> 91.584
A116: PROFIL LED LOKOM 2m MUN ANODOWANY | B116: Towar | C116: 123,30 | E116: LOKOM-ALU-MUN-2M | F116: 5905475360756 | G116: B5553ANODA_2 | H116: 17042_2 | I116: {=XLOOKUP(G116,KLUS!$A$2:$A$2010,KLUS!$E$2:$E$2010)+XLOOKUP(H116,KLUS!$A$2:$A$2010,KLUS!$E$2:$E$2010)} -> 137.5 | J116: =I116*(1-$J$2) -> 123.75 | K116: =J116*(1-$K$2) -> 99
A117: PROFIL LED LOKOM 2m PRZEŹROCZYSTA ANODOW ANY | B117: Towar | C117: 113,00 | E117: LOKOM-ALU-CL-2M | F117: 5905475360763 | G117: B5553ANODA_2 | H117: 17022_2 | I117: {=XLOOKUP(G117,KLUS!$A$2:$A$2010,KLUS!$E$2:$E$2010)+XLOOKUP(H117,KLUS!$A$2:$A$2010,KLUS!$E$2:$E$2010)} -> 127.2 | J117: =I117*(1-$J$2) -> 114.48 | K117: =J117*(1-$K$2) -> 91.584
... A162: Profil led Micro 3m z osłoną przeźroczystą KA-COM | B162: Towar | C162: 40,50 | E162: MICRO-CLC-3M | F162: 5903684851591 | G162: B1888NA_3 | H162: 17122_3 | I162: {=XLOOKUP(G162,KLUS!$A$2:$A$2010,KLUS!$E$2:$E$2010)+XLOOKUP(H162,KLUS!$A$2:$A$2010,KLUS!$E$2:$E$2010)} -> 56.3 | J162: =I162*(1-$J$2) -> 50.67 | K162: =J162*(1-$K$2) -> 40.536
A163: Profil led Micro-K 1m anodowany z osłoną mleczną HS | B163: Towar | C163: 29,25 | E163: MICRO-K-ALU-ML-1M-HS | G163: B3775ANODA_1 | H163: 1369_1 | I163: {=XLOOKUP(G163,KLUS!$A$2:$A$2010,KLUS!$E$2:$E$2010)+XLOOKUP(H163,KLUS!$A$2:$A$2010,KLUS!$E$2:$E$2010)} -> #N/A | J163: =I163*(1-$J$2) -> #N/A | K163: =J163*(1-$K$2) -> #N/A
A164: Profil led Micro-K 1m anodowany z osłoną mleczną KA | B164: Produkt | C164: 21,00 | E164: MICRO-K-ALU-ML-1M | F164: 5901885266725 | G164: B3775ANODA_1 | H164: 17035_1 | I164: {=XLOOKUP(G164,KLUS!$A$2:$A$2010,KLUS!$E$2:$E$2010)+XLOOKUP(H164,KLUS!$A$2:$A$2010,KLUS!$E$2:$E$2010)} -> #N/A | J164: =I164*(1-$J$2) -> #N/A | K164: =J164*(1-$K$2) -> #N/A
A165: Profil led Micro-K 1m anodowany z osłoną mleczną KA-COM | B165: Produkt | C165: 22,25 | E165: MICRO-K-ALU-MLC-1M | F165: 5901885265704 | G165: B3775ANODA_1 | H165: 17179_1 | I165: {=XLOOKUP(G165,KLUS!$A$2:$A$2010,KLUS!$E$2:$E$2010)+XLOOKUP(H165,KLUS!$A$2:$A$2010,KLUS!$E$2:$E$2010)} -> #N/A | J165: =I165*(1-$J$2) -> #N/A | K165: =J165*(1-$K$2) -> #N/A
A166: Profil led Micro-K 1m anodowany z osłoną przeźroczystą KA | B166: Produkt | C166: 21,00 | E166: MICRO-K-ALU-CL-1M | F166: 5901885266770 | G166: B3775ANODA_1 | H166: 17036_1 | I166: {=XLOOKUP(G166,KLUS!$A$2:$A$2010,KLUS!$E$2:$E$2010)+XLOOKUP(H166,KLUS!$A$2:$A$2010,KLUS!$E$2:$E$2010)} -> #N/A | J166: =I166*(1-$J$2) -> #N/A | K166: =J166*(1-$K$2) -> #N/A
A167: Profil led Micro-K 1m anodowany z osłoną przeźroczystą KA-COM | B167: Towar | C167: 9,50 | E167: MICRO-K-ALU-CLC-1M | F167: 5901885265711 | G167: B3775ANODA_1 | H167: 17122_1 | I167: {=XLOOKUP(G167,KLUS!$A$2:$A$2010,KLUS!$E$2:$E$2010)+XLOOKUP(H167,KLUS!$A$2:$A$2010,KLUS!$E$2:$E$2010)} -> #N/A | J167: =I167*(1-$J$2) -> #N/A | K167: =J167*(1-$K$2) -> #N/A
A168: Profil led Micro-K 1m czarny anodowany | B168: Towar | C168: 14,15 | E168: MICRO-K-ALU-1M-CZ | F168: 5902280311621 | G168: B3775_K7_1 | I168: {=XLOOKUP(G168,KLUS!$A$2:$A$2010,KLUS!$E$2:$E$2010)+XLOOKUP(H168,KLUS!$A$2:$A$2010,KLUS!$E$2:$E$2010)} -> #N/A | J168: =I168*(1-$J$2) -> #N/A | K168: =J168*(1-$K$2) -> #N/A
A169: Profil led Micro-K 1m czarny anodowany z osłoną mleczną KA | B169: Towar | C169: 22,75 | E169: MICRO-K-ALU-ML-1M-CZ | F169: 5903684852390 | G169: B3775_K7_1 | H169: 17035_1 | I169: {=XLOOKUP(G169,KLUS!$A$2:$A$2010,KLUS!$E$2:$E$2010)+XLOOKUP(H169,KLUS!$A$2:$A$2010,KLUS!$E$2:$E$2010)} -> #N/A | J169: =I169*(1-$J$2) -> #N/A | K169: =J169*(1-$K$2) -> #N/A
A170: Profil led Micro-K 2m anodowany wyc | B170: Towar | C170: 34,40 | E170: MICRO-K-ALU-2M | F170: 5906660780144 | G170: B3775ANODA_2 | I170: {=XLOOKUP(G170,KLUS!$A$2:$A$2010,KLUS!$E$2:$E$2010)+XLOOKUP(H170,KLUS!$A$2:$A$2010,KLUS!$E$2:$E$2010)} -> #N/A | J170: =I170*(1-$J$2) -> #N/A | K170: =J170*(1-$K$2) -> #N/A
A171: Profil led Micro-K 2m anodowany z osłoną mleczną HS | B171: Towar | C171: 58,50 | E171: MICRO-K-ALU-ML-2M-HS | G171: B3775_2 | H171: 1369_2 | I171: {=XLOOKUP(G171,KLUS!$A$2:$A$2010,KLUS!$E$2:$E$2010)+XLOOKUP(H171,KLUS!$A$2:$A$2010,KLUS!$E$2:$E$2010)} -> #N/A | J171: =I171*(1-$J$2) -> #N/A | K171: =J171*(1-$K$2) -> #N/A
A172: Profil led Micro-K 2m anodowany z osłoną mleczną KA | B172: Towar | C172: 55,90 | E172: MICRO-K-ALU-ML-2M | F172: 5901885266015 | G172: B3775ANODA_2 | H172: 17035_2 | I172: {=XLOOKUP(G172,KLUS!$A$2:$A$2010,KLUS!$E$2:$E$2010)+XLOOKUP(H172,KLUS!$A$2:$A$2010,KLUS!$E$2:$E$2010)} -> #N/A | J172: =I172*(1-$J$2) -> #N/A | K172: =J172*(1-$K$2) -> #N/A
A173: Profil led Micro-K 2m anodowany z osłoną mleczną KA-COM | B173: Produkt | C173: 44,50 | E173: MICRO-K-ALU-MLC-2M | F173: 5901885265728 | G173: B3775ANODA_2 | H173: 17179_2 | I173: {=XLOOKUP(G173,KLUS!$A$2:$A$2010,KLUS!$E$2:$E$2010)+XLOOKUP(H173,KLUS!$A$2:$A$2010,KLUS!$E$2:$E$2010)} -> #N/A | J173: =I173*(1-$J$2) -> #N/A | K173: =J173*(1-$K$2) -> #N/A
A174: Profil led Micro-K 2m anodowany z osłoną mleczną LIGER | B174: Towar | C174: 68,80 | E174: MICRO-K-ALU-ML-2M-L | G174: B3775ANODA_2 | H174: 17037_2 | I174: {=XLOOKUP(G174,KLUS!$A$2:$A$2010,KLUS!$E$2:$E$2010)+XLOOKUP(H174,KLUS!$A$2:$A$2010,KLUS!$E$2:$E$2010)} -> #N/A | J174: =I174*(1-$J$2) -> #N/A | K174: =J174*(1-$K$2) -> #N/A
A175: Profil led Micro-K 2m anodowany z osłoną przeźroczystą KA | B175: Towar | C175: 55,90 | E175: MICRO-K-ALU-CL-2M | F175: 5901885266589 | G175: B3775_2 | H175: 17036_2 | I175: {=XLOOKUP(G175,KLUS!$A$2:$A$2010,KLUS!$E$2:$E$2010)+XLOOKUP(H175,KLUS!$A$2:$A$2010,KLUS!$E$2:$E$2010)} -> #N/A | J175: =I175*(1-$J$2) -> #N/A | K175: =J175*(1-$K$2) -> #N/A
A176: Profil led Micro-K 2m anodowany z osłoną przeźroczystą KA-COM | B176: Produkt | C176: 44,50 | E176: MICRO-K-ALU-CLC-2M | F176: 5901885265735 | G176: B3775ANODA_2 | H176: 17122_2 | I176: {=XLOOKUP(G176,KLUS!$A$2:$A$2010,KLUS!$E$2:$E$2010)+XLOOKUP(H176,KLUS!$A$2:$A$2010,KLUS!$E$2:$E$2010)} -> #N/A | J176: =I176*(1-$J$2) -> #N/A | K176: =J176*(1-$K$2) -> #N/A
A177: Profil led Micro-K 2m biały lakierowany | B177: Towar | C177: 37,17 | E177: MICRO-K-LAK-2M-BI | G177: B3775_LAKIER_BI | I177: {=XLOOKUP(G177,KLUS!$A$2:$A$2010,KLUS!$E$2:$E$2010)+XLOOKUP(H177,KLUS!$A$2:$A$2010,KLUS!$E$2:$E$2010)} -> #N/A | J177: =I177*(1-$J$2) -> #N/A | K177: =J177*(1-$K$2) -> #N/A
A178: Profil led Micro-K 2m czarny anodowany | B178: Towar | C178: 28,30 | E178: MICRO-K-ALU-2M-CZ | F178: 5902280308584 | G178: B3775_K7_2 | I178: {=XLOOKUP(G178,KLUS!$A$2:$A$2010,KLUS!$E$2:$E$2010)+XLOOKUP(H178,KLUS!$A$2:$A$2010,KLUS!$E$2:$E$2010)} -> #N/A | J178: =I178*(1-$J$2) -> #N/A | K178: =J178*(1-$K$2) -> #N/A
A179: Profil led Micro-K 2m czarny anodowany z osłoną mleczną KA | B179: Towar | C179: 45,50 | E179: MICRO-K-ALU-ML-2M-CZ | G179: B3775_K7_2 | H179: 17035_2 | I179: {=XLOOKUP(G179,KLUS!$A$2:$A$2010,KLUS!$E$2:$E$2010)+XLOOKUP(H179,KLUS!$A$2:$A$2010,KLUS!$E$2:$E$2010)} -> #N/A | J179: =I179*(1-$J$2) -> #N/A | K179: =J179*(1-$K$2) -> #N/A
A180: Profil led Micro-K 2m czarny anodowany z osłoną mleczną KA-COM | B180: Towar | C180: 44,50 | E180: B3775_K7+17179_2 | F180: 1219000010103 | G180: B3775_K7_2 | H180: 17179_2 | I180: {=XLOOKUP(G180,KLUS!$A$2:$A$2010,KLUS!$E$2:$E$2010)+XLOOKUP(H180,KLUS!$A$2:$A$2010,KLUS!$E$2:$E$2010)} -> #N/A | J180: =I180*(1-$J$2) -> #N/A | K180: =J180*(1-$K$2) -> #N/A
A181: Profil led MICRO-K 2m złoty anodowany | B181: Towar | C181: 38,34 | E181: MICRO-K-ALU-2M-ZŁ | F181: 5902280308539 | G181: B3775_K3.1_2 | I181: {=XLOOKUP(G181,KLUS!$A$2:$A$2010,KLUS!$E$2:$E$2010)+XLOOKUP(H181,KLUS!$A$2:$A$2010,KLUS!$E$2:$E$2010)} -> #N/A | J181: =I181*(1-$J$2) -> #N/A | K181: =J181*(1-$K$2) -> #N/A
A182: Profil led MICRO-K 3m anodowany | B182: Towar | C182: 51,60 | E182: MICRO-K-ALU-3M | F182: 5906660783039 | G182: B3775ANODA_3 | I182: {=XLOOKUP(G182,KLUS!$A$2:$A$2010,KLUS!$E$2:$E$2010)+XLOOKUP(H182,KLUS!$A$2:$A$2010,KLUS!$E$2:$E$2010)} -> #N/A | J182: =I182*(1-$J$2) -> #N/A | K182: =J182*(1-$K$2) -> #N/A
A183: Profil led Micro-K 3m anodowany z osłoną mleczną KA | B183: Towar | C183: 83,85 | E183: MICRO-K-ALU-ML-3M | G183: B3775ANODA_3 | H183: 17035_3 | I183: {=XLOOKUP(G183,KLUS!$A$2:$A$2010,KLUS!$E$2:$E$2010)+XLOOKUP(H183,KLUS!$A$2:$A$2010,KLUS!$E$2:$E$2010)} -> #N/A | J183: =I183*(1-$J$2) -> #N/A | K183: =J183*(1-$K$2) -> #N/A
A184: Profil led MICRO-K 3m anodowany z osłoną mleczną KA-COM | B184: Produkt | C184: 66,75 | E184: MICRO-K-ALU-MLC-3M | F184: 5903684853007 | G184: B3775ANODA_3 | H184: 17179_3 | I184: {=XLOOKUP(G184,KLUS!$A$2:$A$2010,KLUS!$E$2:$E$2010)+XLOOKUP(H184,KLUS!$A$2:$A$2010,KLUS!$E$2:$E$2010)} -> #N/A | J184: =I184*(1-$J$2) -> #N/A | K184: =J184*(1-$K$2) -> #N/A
A185: Profil led Micro-K 3m anodowany z osłoną przeźroczystą KA | B185: Towar | C185: 83,85 | E185: MICRO-K-ALU-CL-3M | G185: B3775ANODA_3 | H185: 17036_3 | I185: {=XLOOKUP(G185,KLUS!$A$2:$A$2010,KLUS!$E$2:$E$2010)+XLOOKUP(H185,KLUS!$A$2:$A$2010,KLUS!$E$2:$E$2010)} -> #N/A | J185: =I185*(1-$J$2) -> #N/A | K185: =J185*(1-$K$2) -> #N/A
A186: Profil led Micro-K 3m biały lakierowany | B186: Towar | C186: 55,80 | E186: B3775L9010_3 | F186: 5902280311942 | G186: B3775L9010_3 | I186: {=XLOOKUP(G186,KLUS!$A$2:$A$2010,KLUS!$E$2:$E$2010)+XLOOKUP(H186,KLUS!$A$2:$A$2010,KLUS!$E$2:$E$2010)} -> #N/A | J186: =I186*(1-$J$2) -> #N/A | K186: =J186*(1-$K$2) -> #N/A
A187: Profil led MICRO-NK 1m anodowany | B187: Produkt | C187: 13,90 | E187: MICRO-NK-ALU-1M | F187: 5902280330059 | G187: C1587ANODA_1 | I187: {=XLOOKUP(G187,KLUS!$A$2:$A$2010,KLUS!$E$2:$E$2010)+XLOOKUP(H187,KLUS!$A$2:$A$2010,KLUS!$E$2:$E$2010)} -> #N/A | J187: =I187*(1-$J$2) -> #N/A | K187: =J187*(1-$K$2) -> #N/A
A188: Profil led Micro-NK 1m czarny anodowany | B188: Towar | C188: 15,40 | E188: MICRO-NK-ALU-1M-CZ | F188: 5902280334484 | G188: C1587K7_1 | I188: {=XLOOKUP(G188,KLUS!$A$2:$A$2010,KLUS!$E$2:$E$2010)+XLOOKUP(H188,KLUS!$A$2:$A$2010,KLUS!$E$2:$E$2010)} -> #N/A | J188: =I188*(1-$J$2) -> #N/A | K188: =J188*(1-$K$2) -> #N/A
A189: Profil led Micro-NK 2m anodowany | B189: Towar | C189: 27,10 | E189: MICRO-NK-ALU-2M | F189: 5902280327059 | G189: C1587ANODA_2 | I189: {=XLOOKUP(G189,KLUS!$A$2:$A$2010,KLUS!$E$2:$E$2010)+XLOOKUP(H189,KLUS!$A$2:$A$2010,KLUS!$E$2:$E$2010)} -> #N/A | J189: =I189*(1-$J$2) -> #N/A | K189: =J189*(1-$K$2) -> #N/A
A190: Profil led Micro-NK 2m anodowany z osłoną mleczną KA-COM | B190: Produkt | C190: 47,60 | E190: MICRO-NK-ALU-MLC-2M | F190: 5903684851119 | G190: C1587_2_2 | H190: 17179_2 | I190: {=XLOOKUP(G190,KLUS!$A$2:$A$2010,KLUS!$E$2:$E$2010)+XLOOKUP(H190,KLUS!$A$2:$A$2010,KLUS!$E$2:$E$2010)} -> #N/A | J190: =I190*(1-$J$2) -> #N/A | K190: =J190*(1-$K$2) -> #N/A
A191: Profil led Micro-NK 2m biały lakierowany | B191: Towar | C191: 32,50 | E191: C1587L9010NS_2 | F191: 5902280348726 | G191: C1587L9010NS_2 | I191: {=XLOOKUP(G191,KLUS!$A$2:$A$2010,KLUS!$E$2:$E$2010)+XLOOKUP(H191,KLUS!$A$2:$A$2010,KLUS!$E$2:$E$2010)} -> #N/A | J191: =I191*(1-$J$2) -> #N/A | K191: =J191*(1-$K$2) -> #N/A
A192: Profil led Micro-NK 2m czarny anodowany | B192: Towar | C192: 30,80 | E192: MICRO-NK-ALU-2M-CZ | F192: 5902280332602 | G192: C1587K7_2 | I192: {=XLOOKUP(G192,KLUS!$A$2:$A$2010,KLUS!$E$2:$E$2010)+XLOOKUP(H192,KLUS!$A$2:$A$2010,KLUS!$E$2:$E$2010)} -> #N/A | J192: =I192*(1-$J$2) -> #N/A | K192: =J192*(1-$K$2) -> #N/A
A193: Profil led Micro-NK 3m anodowany | B193: Towar | C193: 41,60 | E193: MICRO-NK-ALU-3M | F193: 5902280328094 | G193: C1587ANODA_3 | I193: {=XLOOKUP(G193,KLUS!$A$2:$A$2010,KLUS!$E$2:$E$2010)+XLOOKUP(H193,KLUS!$A$2:$A$2010,KLUS!$E$2:$E$2010)} -> #N/A | J193: =I193*(1-$J$2) -> #N/A | K193: =J193*(1-$K$2) -> #N/A
A194: Profil led Micro-NK 3m czarny anodowany | B194: Towar | C194: 46,20 | E194: MICRO-NK-ALU-3M-CZ | F194: 5902280333807 | G194: C1587K7_3 | I194: {=XLOOKUP(G194,KLUS!$A$2:$A$2010,KLUS!$E$2:$E$2010)+XLOOKUP(H194,KLUS!$A$2:$A$2010,KLUS!$E$2:$E$2010)} -> #N/A | J194: =I194*(1-$J$2) -> #N/A | K194: =J194*(1-$K$2) -> #N/A
A195: Profil led MICRO-PLUS 1m anodowany | B195: Towar | C195: 18,60 | E195: C2966ANODA_1 | F195: 5902280338734 | G195: C2966ANODA_1 | I195: {=XLOOKUP(G195,KLUS!$A$2:$A$2010,KLUS!$E$2:$E$2010)+XLOOKUP(H195,KLUS!$A$2:$A$2010,KLUS!$E$2:$E$2010)} -> #N/A | J195: =I195*(1-$J$2) -> #N/A | K195: =J195*(1-$K$2) -> #N/A
A196: Profil led Micro-PLUS 1m czarny anoda | B196: Towar | C196: 22,60 | E196: MICRO-PLUS-ALU-1M-A- | F196: 5902280342762 | G196: C2966K7_1 | I196: {=XLOOKUP(G196,KLUS!$A$2:$A$2010,KLUS!$E$2:$E$2010)+XLOOKUP(H196,KLUS!$A$2:$A$2010,KLUS!$E$2:$E$2010)} -> #N/A | J196: =I196*(1-$J$2) -> #N/A | K196: =J196*(1-$K$2) -> #N/A
A197: Profil led MICRO-PLUS 2m anodowany | B197: Towar | C197: 37,30 | E197: C2966ANODA_2 | F197: 5902280338710 | G197: C2966ANODA_2 | I197: {=XLOOKUP(G197,KLUS!$A$2:$A$2010,KLUS!$E$2:$E$2010)+XLOOKUP(H197,KLUS!$A$2:$A$2010,KLUS!$E$2:$E$2010)} -> #N/A | J197: =I197*(1-$J$2) -> #N/A | K197: =J197*(1-$K$2) -> #N/A
A198: Profil led Micro-PLUS 2m czarny anoda | B198: Towar | C198: 45,20 | E198: MICRO-PLUS-ALU-2M-A- | F198: 5902280341291 | G198: C2966K7_2 | I198: {=XLOOKUP(G198,KLUS!$A$2:$A$2010,KLUS!$E$2:$E$2010)+XLOOKUP(H198,KLUS!$A$2:$A$2010,KLUS!$E$2:$E$2010)} -> #N/A | J198: =I198*(1-$J$2) -> #N/A | K198: =J198*(1-$K$2) -> #N/A
A199: Profil led MICRO-PLUS 3m anodowany | B199: Towar | C199: 36,50 | E199: C2966ANODA_3 | F199: 5902280338727 | G199: C2966ANODA_3 | I199: {=XLOOKUP(G199,KLUS!$A$2:$A$2010,KLUS!$E$2:$E$2010)+XLOOKUP(H199,KLUS!$A$2:$A$2010,KLUS!$E$2:$E$2010)} -> #N/A | J199: =I199*(1-$J$2) -> #N/A | K199: =J199*(1-$K$2) -> #N/A
A200: Profil led Micro-PLUS 3m czarny anoda | B200: Towar | C200: 67,80 | E200: MICRO-PLUS-ALU-3M-A- | F200: 5902280341307 | G200: C2966K7_3 | I200: {=XLOOKUP(G200,KLUS!$A$2:$A$2010,KLUS!$E$2:$E$2010)+XLOOKUP(H200,KLUS!$A$2:$A$2010,KLUS!$E$2:$E$2010)} -> #N/A | J200: =I200*(1-$J$2) -> #N/A | K200: =J200*(1-$K$2) -> #N/A
A201: PROFIL LED OPAC-30 1m ANODOWANY MLECZNA HS22 | B201: Towar | C201: 40,50 | E201: OPAC30-ALU-ML-1M | F201: 5905475360848 | G201: B6164ANODA_1 | H201: 17011_1 | I201: {=XLOOKUP(G201,KLUS!$A$2:$A$2010,KLUS!$E$2:$E$2010)+XLOOKUP(H201,KLUS!$A$2:$A$2010,KLUS!$E$2:$E$2010)} -> 44.8 | J201: =I201*(1-$J$2) -> 40.32 | K201: =J201*(1-$K$2) -> 32.256
A202: PROFIL LED OPAC-30 2m ANODOWANY MLECZNA HS22 | B202: Towar | C202: 81,00 | E202: OPAC30-ALU-ML-2M | F202: 5903684851973 | G202: B6164ANODA_2 | H202: 17011_2 | I202: {=XLOOKUP(G202,KLUS!$A$2:$A$2010,KLUS!$E$2:$E$2010)+XLOOKUP(H202,KLUS!$A$2:$A$2010,KLUS!$E$2:$E$2010)} -> 89.6 | J202: =I202*(1-$J$2) -> 80.64 | K202: =J202*(1-$K$2) -> 64.512
A203: PROFIL LED OPAC-30 3m ANODOWANY MLECZNA HS22 | B203: Towar | C203: 121,50 | E203: OPAC30-ALU-ML-3M | G203: B6164ANODA_3 | H203: 17011_3 | I203: {=XLOOKUP(G203,KLUS!$A$2:$A$2010,KLUS!$E$2:$E$2010)+XLOOKUP(H203,KLUS!$A$2:$A$2010,KLUS!$E$2:$E$2010)} -> 134.4 | J203: =I203*(1-$J$2) -> 120.96 | K203: =J203*(1-$K$2) -> 96.768
A204: PROFIL LED PAC 1m MLECZNA ANODOWANY | B204: Towar | C204: 34,55 | E204: PAC-ALU-ML-1M | F204: 1219000008933 | G204: B4370ANODA_1 | H204: 00157_1 | I204: {=XLOOKUP(G204,KLUS!$A$2:$A$2010,KLUS!$E$2:$E$2010)+XLOOKUP(H204,KLUS!$A$2:$A$2010,KLUS!$E$2:$E$2010)} -> 39 | J204: =I204*(1-$J$2) -> 35.1 | K204: =J204*(1-$K$2) -> 28.08
A205: PROFIL LED PAC 1m PRZEZROCZYSTA ANODOWAN Y | B205: Towar | C205: 34,55 | E205: PAC-ALU-CL-1M | G205: B4370ANODA_1 | H205: 00158_1 | I205: {=XLOOKUP(G205,KLUS!$A$2:$A$2010,KLUS!$E$2:$E$2010)+XLOOKUP(H205,KLUS!$A$2:$A$2010,KLUS!$E$2:$E$2010)} -> 39 | J205: =I205*(1-$J$2) -> 35.1 | K205: =J205*(1-$K$2) -> 28.08
A206: PROFIL LED PAC 2m MLECZNA ANODOWANY | B206: Towar | C206: 69,10 | E206: PAC-ALU-ML-2M | F206: 1219000009015 | G206: B4370ANODA_2 | H206: 00157_2 | I206: {=XLOOKUP(G206,KLUS!$A$2:$A$2010,KLUS!$E$2:$E$2010)+XLOOKUP(H206,KLUS!$A$2:$A$2010,KLUS!$E$2:$E$2010)} -> 78 | J206: =I206*(1-$J$2) -> 70.2 | K206: =J206*(1-$K$2) -> 56.16
A207: PROFIL LED PAC 2m PRZEZROCZYSTA ANODOWAN Y | B207: Towar | C207: 69,10 | E207: PAC-ALU-CL-2M | G207: B4370ANODA_2 | H207: 00158_2 | I207: {=XLOOKUP(G207,KLUS!$A$2:$A$2010,KLUS!$E$2:$E$2010)+XLOOKUP(H207,KLUS!$A$2:$A$2010,KLUS!$E$2:$E$2010)} -> 78 | J207: =I207*(1-$J$2) -> 70.2 | K207: =J207*(1-$K$2) -> 56.16
A208: PROFIL LED PAC 3m MLECZNA ANODOWANY | B208: Towar | C208: 103,65 | E208: PAC-ALU-ML-3M | G208: B4370ANODA_3 | H208: 00157_3 | I208: {=XLOOKUP(G208,KLUS!$A$2:$A$2010,KLUS!$E$2:$E$2010)+XLOOKUP(H208,KLUS!$A$2:$A$2010,KLUS!$E$2:$E$2010)} -> 117 | J208: =I208*(1-$J$2) -> 105.3 | K208: =J208*(1-$K$2) -> 84.24
A209: PROFIL LED PAC 3m PRZEZROCZYSTA ANODOWAN Y | B209: Towar | C209: 103,65 | E209: PAC-ALU-CL-3M | G209: B4370ANODA_3 | H209: 00158_3 | I209: {=XLOOKUP(G209,KLUS!$A$2:$A$2010,KLUS!$E$2:$E$2010)+XLOOKUP(H209,KLUS!$A$2:$A$2010,KLUS!$E$2:$E$2010)} -> 117 | J209: =I209*(1-$J$2) -> 105.3 | K209: =J209*(1-$K$2) -> 84.24
A210: PROFIL LED PDS ZM 1m MLECZNA ANODOWANY | B210: Towar | C210: 30,00 | E210: PDS-ZM-ALU-ML-1M-A | G210: B7696ANODA_1 | H210: 17035_1 | I210: {=XLOOKUP(G210,KLUS!$A$2:$A$2010,KLUS!$E$2:$E$2010)+XLOOKUP(H210,KLUS!$A$2:$A$2010,KLUS!$E$2:$E$2010)} -> 33.9 | J210: =I210*(1-$J$2) -> 30.51 | K210: =J210*(1-$K$2) -> 24.408
A211: PROFIL LED PDS ZM 2m MLECZNA ANODOWANY | B211: Towar | C211: 60,00 | E211: PDS-ZM-ALU-ML-2M-A | G211: B7696ANODA_2 | H211: 17035_2 | I211: {=XLOOKUP(G211,KLUS!$A$2:$A$2010,KLUS!$E$2:$E$2010)+XLOOKUP(H211,KLUS!$A$2:$A$2010,KLUS!$E$2:$E$2010)} -> 67.8 | J211: =I211*(1-$J$2) -> 61.02 | K211: =J211*(1-$K$2) -> 48.816
A212: PROFIL LED PDS ZM 2m MLECZNA ANODOWANY C OM | B212: Towar | C212: 35,74 | E212: PDS-ZM-ALU-MLC-2M-A | G212: B7696ANODA_2 | H212: 17179_2 | I212: {=XLOOKUP(G212,KLUS!$A$2:$A$2010,KLUS!$E$2:$E$2010)+XLOOKUP(H212,KLUS!$A$2:$A$2010,KLUS!$E$2:$E$2010)} -> 56.3 | J212: =I212*(1-$J$2) -> 50.67 | K212: =J212*(1-$K$2) -> 40.536
A213: Profil led PDS4 1m | B213: Towar | C213: 11,95 | E213: PDS4-ALU-1M | F213: 5906660783053 | G213: B1718NA_1 | I213: {=XLOOKUP(G213,KLUS!$A$2:$A$2010,KLUS!$E$2:$E$2010)+XLOOKUP(H213,KLUS!$A$2:$A$2010,KLUS!$E$2:$E$2010)} -> #N/A | J213: =I213*(1-$J$2) -> #N/A | K213: =J213*(1-$K$2) -> #N/A
A214: Profil led PDS4 1m anodowany | B214: Produkt | C214: 14,70 | E214: PDS4-ALU-1M-A | F214: 5906660781271 | G214: B1718ANODA_1 | I214: {=XLOOKUP(G214,KLUS!$A$2:$A$2010,KLUS!$E$2:$E$2010)+XLOOKUP(H214,KLUS!$A$2:$A$2010,KLUS!$E$2:$E$2010)} -> #N/A | J214: =I214*(1-$J$2) -> #N/A | K214: =J214*(1-$K$2) -> #N/A
A215: Profil led Pds4 1m anodowany z osłoną mleczną HS | B215: Towar | C215: 26,75 | E215: PDS4-ALU-ML-1M-A-HS | G215: B1718ANODA_1 | H215: 1369_1 | I215: {=XLOOKUP(G215,KLUS!$A$2:$A$2010,KLUS!$E$2:$E$2010)+XLOOKUP(H215,KLUS!$A$2:$A$2010,KLUS!$E$2:$E$2010)} -> #N/A | J215: =I215*(1-$J$2) -> #N/A | K215: =J215*(1-$K$2) -> #N/A
A216: Profil led Pds4 1m anodowany z osłoną mleczną KA | B216: Towar | C216: 25,45 | E216: PDS4-ALU-ML-1M-A | F216: 5902596558390 | G216: B1718ANODA_1 | H216: 17035_1 | I216: {=XLOOKUP(G216,KLUS!$A$2:$A$2010,KLUS!$E$2:$E$2010)+XLOOKUP(H216,KLUS!$A$2:$A$2010,KLUS!$E$2:$E$2010)} -> #N/A | J216: =I216*(1-$J$2) -> #N/A | K216: =J216*(1-$K$2) -> #N/A
A217: Profil led Pds4 1m anodowany z osłoną mleczną KA-COM | B217: Produkt | C217: 19,75 | E217: PDS4-ALU-MLC-1M-A | F217: 5901885265742 | G217: B1718ANODA_1 | H217: 17179_1 | I217: {=XLOOKUP(G217,KLUS!$A$2:$A$2010,KLUS!$E$2:$E$2010)+XLOOKUP(H217,KLUS!$A$2:$A$2010,KLUS!$E$2:$E$2010)} -> #N/A | J217: =I217*(1-$J$2) -> #N/A | K217: =J217*(1-$K$2) -> #N/A
A218: Profil led Pds4 1m anodowany z osłoną przeźroczystą KA | B218: Towar | C218: 25,45 | E218: PDS4-ALU-CL-1M-A | F218: 5903684850075 | G218: B1718ANODA_1 | H218: 1548_1 | I218: {=XLOOKUP(G218,KLUS!$A$2:$A$2010,KLUS!$E$2:$E$2010)+XLOOKUP(H218,KLUS!$A$2:$A$2010,KLUS!$E$2:$E$2010)} -> #N/A | J218: =I218*(1-$J$2) -> #N/A | K218: =J218*(1-$K$2) -> #N/A
A219: Profil led Pds4 1m anodowany z osłoną przeźroczystą KA-COM | B219: Towar | C219: 19,75 | E219: PDS4-ALU-CLC-1M-A | F219: 5903684850099 | G219: B1718ANODA_1 | H219: 17122_1 | I219: {=XLOOKUP(G219,KLUS!$A$2:$A$2010,KLUS!$E$2:$E$2010)+XLOOKUP(H219,KLUS!$A$2:$A$2010,KLUS!$E$2:$E$2010)} -> #N/A | J219: =I219*(1-$J$2) -> #N/A | K219: =J219*(1-$K$2) -> #N/A
A220: Profil led Pds4 1m biały lakierowany | B220: Towar | C220: 14,70 | E220: PDS4-ALU-1M-B | F220: 5902280321248 | G220: B1718L9010NS_1 | I220: {=XLOOKUP(G220,KLUS!$A$2:$A$2010,KLUS!$E$2:$E$2010)+XLOOKUP(H220,KLUS!$A$2:$A$2010,KLUS!$E$2:$E$2010)} -> #N/A | J220: =I220*(1-$J$2) -> #N/A | K220: =J220*(1-$K$2) -> #N/A
A221: Profil led Pds4 1m biały lakierowany z osłoną mleczną KA | B221: Towar | C221: 70,35 | E221: PDS4-ALU-ML-1M-B | G221: B1718L9010_1 | H221: 17035_1 | I221: {=XLOOKUP(G221,KLUS!$A$2:$A$2010,KLUS!$E$2:$E$2010)+XLOOKUP(H221,KLUS!$A$2:$A$2010,KLUS!$E$2:$E$2010)} -> #N/A | J221: =I221*(1-$J$2) -> #N/A | K221: =J221*(1-$K$2) -> #N/A
A222: Profil led Pds4 1m czarny anodowany | B222: Towar | C222: 18,85 | E222: PDS4-ALU-1M-A-CZ | F222: 5902280301516 | G222: B1718K7_1 | I222: {=XLOOKUP(G222,KLUS!$A$2:$A$2010,KLUS!$E$2:$E$2010)+XLOOKUP(H222,KLUS!$A$2:$A$2010,KLUS!$E$2:$E$2010)} -> #N/A | J222: =I222*(1-$J$2) -> #N/A | K222: =J222*(1-$K$2) -> #N/A
A223: Profil led Pds4 1m czarny anodowany z osłoną mleczną KA | B223: Towar | C223: 29,60 | E223: PDS4-ALU-ML-1M-A-CZ | G223: B1718K7_1 | H223: 17035_1 | I223: {=XLOOKUP(G223,KLUS!$A$2:$A$2010,KLUS!$E$2:$E$2010)+XLOOKUP(H223,KLUS!$A$2:$A$2010,KLUS!$E$2:$E$2010)} -> #N/A | J223: =I223*(1-$J$2) -> #N/A | K223: =J223*(1-$K$2) -> #N/A
A224: Profil led Pds4 1m czarny lakierowany | B224: Towar | C224: 15,10 | E224: PDS4-ALU-1M-CZ | F224: 5902280321231 | G224: B1718L9005NS_1 | I224: {=XLOOKUP(G224,KLUS!$A$2:$A$2010,KLUS!$E$2:$E$2010)+XLOOKUP(H224,KLUS!$A$2:$A$2010,KLUS!$E$2:$E$2010)} -> #N/A | J224: =I224*(1-$J$2) -> #N/A | K224: =J224*(1-$K$2) -> #N/A
A225: Profil led Pds4 1m czarny lakierowany z osłoną mleczną KA | B225: Towar | C225: 70,35 | E225: PDS4-ALU-ML-1M-CZ | G225: B1718L9005_1 | H225: 17035_1 | I225: {=XLOOKUP(G225,KLUS!$A$2:$A$2010,KLUS!$E$2:$E$2010)+XLOOKUP(H225,KLUS!$A$2:$A$2010,KLUS!$E$2:$E$2010)} -> #N/A | J225: =I225*(1-$J$2) -> #N/A | K225: =J225*(1-$K$2) -> #N/A
A226: Profil led Pds4 1m z osłoną mleczną KA | B226: Towar | C226: 17,20 | E226: PDS4-ALU-ML-1M | F226: 5903684850068 | G226: B1718_1 | H226: 17035_1 | I226: {=XLOOKUP(G226,KLUS!$A$2:$A$2010,KLUS!$E$2:$E$2010)+XLOOKUP(H226,KLUS!$A$2:$A$2010,KLUS!$E$2:$E$2010)} -> #N/A | J226: =I226*(1-$J$2) -> #N/A | K226: =J226*(1-$K$2) -> #N/A
A227: Profil led PDS4 1m z osłoną mleczną KA-COM | B227: Towar | C227: 17,00 | E227: PDS4-ALU-MLC-1M | F227: 5901885265872 | G227: B1718_1 | H227: 17179_1 | I227: {=XLOOKUP(G227,KLUS!$A$2:$A$2010,KLUS!$E$2:$E$2010)+XLOOKUP(H227,KLUS!$A$2:$A$2010,KLUS!$E$2:$E$2010)} -> #N/A | J227: =I227*(1-$J$2) -> #N/A | K227: =J227*(1-$K$2) -> #N/A
A228: Profil led Pds4 1m z osłoną mleczną LIGER | B228: Towar | C228: 29,15 | E228: PDS4-ALU-ML-1M-LIGER | G228: B1718_1 | H228: 17037_1 | I228: {=XLOOKUP(G228,KLUS!$A$2:$A$2010,KLUS!$E$2:$E$2010)+XLOOKUP(H228,KLUS!$A$2:$A$2010,KLUS!$E$2:$E$2010)} -> #N/A | J228: =I228*(1-$J$2) -> #N/A | K228: =J228*(1-$K$2) -> #N/A
A229: Profil led Pds4 1m z osłoną przeźroczystą KA | B229: Towar | C229: 22,70 | E229: PDS4-ALU-CL-1M | F229: 5903684850082 | G229: B1718_1 | H229: 17036_1 | I229: {=XLOOKUP(G229,KLUS!$A$2:$A$2010,KLUS!$E$2:$E$2010)+XLOOKUP(H229,KLUS!$A$2:$A$2010,KLUS!$E$2:$E$2010)} -> #N/A | J229: =I229*(1-$J$2) -> #N/A | K229: =J229*(1-$K$2) -> #N/A
A230: Profil led Pds4 1m z osłoną przeźroczystą KA-COM | B230: Towar | C230: 17,00 | E230: PDS4-ALU-CLC-1M | F230: 5901885265759 | G230: B1718_1 | H230: 17122_1 | I230: {=XLOOKUP(G230,KLUS!$A$2:$A$2010,KLUS!$E$2:$E$2010)+XLOOKUP(H230,KLUS!$A$2:$A$2010,KLUS!$E$2:$E$2010)} -> #N/A | J230: =I230*(1-$J$2) -> #N/A | K230: =J230*(1-$K$2) -> #N/A
A231: Profil led PDS4 2m | B231: Towar | C231: 23,90 | E231: PDS4-ALU-2M | F231: 5906660780038 | G231: B1718NA_2 | I231: {=XLOOKUP(G231,KLUS!$A$2:$A$2010,KLUS!$E$2:$E$2010)+XLOOKUP(H231,KLUS!$A$2:$A$2010,KLUS!$E$2:$E$2010)} -> #N/A | J231: =I231*(1-$J$2) -> #N/A | K231: =J231*(1-$K$2) -> #N/A
A232: Profil led PDS4 2m anodowany | B232: Towar | C232: 29,40 | E232: PDS4-ALU-2M-A | F232: 5906660780090 | G232: B1718ANODA_2 | I232: {=XLOOKUP(G232,KLUS!$A$2:$A$2010,KLUS!$E$2:$E$2010)+XLOOKUP(H232,KLUS!$A$2:$A$2010,KLUS!$E$2:$E$2010)} -> #N/A | J232: =I232*(1-$J$2) -> #N/A | K232: =J232*(1-$K$2) -> #N/A
A233: Profil led Pds4 2m anodowany z osłoną mleczną HS | B233: Produkt | C233: 53,50 | E233: PDS4-ALU-ML-2M-A-HS | F233: 1219000008377 | G233: B1718ANODA_2 | H233: 1369_2 | I233: {=XLOOKUP(G233,KLUS!$A$2:$A$2010,KLUS!$E$2:$E$2010)+XLOOKUP(H233,KLUS!$A$2:$A$2010,KLUS!$E$2:$E$2010)} -> #N/A | J233: =I233*(1-$J$2) -> #N/A | K233: =J233*(1-$K$2) -> #N/A
...

Sheet roboczykarol
A1: Nazwa cała | B1: R | C1: Cena sprzedaży netto | D1: Nr katalogowy | E1: Indeks handlowy | F1: Kod kreskowy | G1: Indeks producenta | H1: Indeks producenta | I1: Cena hurt Klus | J1: Detal netto | K1: Hurt netto | L1: detal netto | M1: detal brutto | N1: Hurt netto | O1: Hurt brutto | P1: kpl detal netto | Q1: kpl detal brutto | R1: kpl hurt netto | S1: kpl hurt brutto
C2: PRESCOT WFMAG | D2: PRESCOT | E2: PRESCOT | F2: PRESCOT | G2: Profil | H2: Osłona | J2: 0.1 | K2: 0.2 | P2: 0 | Q2: 0 | R2: -0.2 | S2: -0.2
A3: Profil led 45-16 1m anodowany z osłoną mleczną KA | B3: Towar | C3: 27,30 | D3: 42817 | E3: 45-16-ML-1M-A | F3: 5903684850167 | G3: B8504ANODA_1 | H3: 17035_1 | I3: {=XLOOKUP(G3,KLUS!$A$2:$A$2010,KLUS!$E$2:$E$2010)+XLOOKUP(H3,KLUS!$A$2:$A$2010,KLUS!$E$2:$E$2010)} -> 27.3 | J3: =I3*(1-$J$2) -> 24.57 | K3: =J3*(1-$K$2) -> 19.656 | L3: =ROUND(M3/1.23,100) -> 24.552846 | M3: =ROUND(J3*1.23,1) -> 30.2 | N3: =round(L3*0.8,1) -> 19.6 | O3: =round(N3*1.23,100) -> 24.108
A4: Profil led 45-16 1m anodowany z osłoną mleczną KA-COM | B4: Towar | C4: 21,50 | D4: 42817 | E4: 45-16-MLC-1M-A | F4: 5901885267586 | G4: B8504ANODA_1 | H4: 17179_1 | I4: {=XLOOKUP(G4,KLUS!$A$2:$A$2010,KLUS!$E$2:$E$2010)+XLOOKUP(H4,KLUS!$A$2:$A$2010,KLUS!$E$2:$E$2010)} -> 21.5 | J4: =I4*(1-$J$2) -> 19.35 | K4: =J4*(1-$K$2) -> 15.48 | L4: =ROUND(M4/1.23,100) -> 19.349594 | M4: =ROUND(J4*1.23,1) -> 23.8 | N4: =round(L4*0.8,1) -> 15.5 | O4: =round(N4*1.23,100) -> 19.065
A5: Profil led 45-16 1m anodowany z osłoną mleczną LIGER | B5: Towar | C5: 30,95 | D5: 42907 | E5: 45-16-ML-1M-A-L | F5: 5905475360442 | G5: B8504ANODA_1 | H5: 17037_1 | I5: {=XLOOKUP(G5,KLUS!$A$2:$A$2010,KLUS!$E$2:$E$2010)+XLOOKUP(H5,KLUS!$A$2:$A$2010,KLUS!$E$2:$E$2010)} -> 33.7 | J5: =I5*(1-$J$2) -> 30.33 | K5: =J5*(1-$K$2) -> 24.264 | L5: =ROUND(M5/1.23,100) -> 30.325203 | M5: =ROUND(J5*1.23,1) -> 37.3 | N5: =round(L5*0.8,1) -> 24.3 | O5: =round(N5*1.23,100) -> 29.889
A6: Profil led 45-16 1m anodowany z osłoną przeźroczystą KA | B6: Towar | C6: 24,50 | D6: 42907 | E6: 45-16-CL-1M-A | F6: 5903684850174 | G6: B8504ANODA_1 | H6: 17036_1 | I6: {=XLOOKUP(G6,KLUS!$A$2:$A$2010,KLUS!$E$2:$E$2010)+XLOOKUP(H6,KLUS!$A$2:$A$2010,KLUS!$E$2:$E$2010)} -> 27.3 | J6: =I6*(1-$J$2) -> 24.57 | K6: =J6*(1-$K$2) -> 19.656 | L6: =ROUND(M6/1.23,100) -> 24.552846 | M6: =ROUND(J6*1.23,1) -> 30.2 | N6: =round(L6*0.8,1) -> 19.6 | O6: =round(N6*1.23,100) -> 24.108
A7: Profil led 45-16 1m anodowany z osłoną przeźroczystą KA-COM | B7: Towar | C7: 18,80 | D7: 42909 | E7: 45-16-CLC-1M-A | F7: 5903684850181 | G7: B8504ANODA_1 | H7: 17122_1 | I7: {=XLOOKUP(G7,KLUS!$A$2:$A$2010,KLUS!$E$2:$E$2010)+XLOOKUP(H7,KLUS!$A$2:$A$2010,KLUS!$E$2:$E$2010)} -> 21.5 | J7: =I7*(1-$J$2) -> 19.35 | K7: =J7*(1-$K$2) -> 15.48 | L7: =ROUND(M7/1.23,100) -> 19.349594 | M7: =ROUND(J7*1.23,1) -> 23.8 | N7: =round(L7*0.8,1) -> 15.5 | O7: =round(N7*1.23,100) -> 19.065
A8: Profil led 45-16 2m anodowany z osłoną mleczną KA | B8: Towar | C8: 35,00 | D8: 42909 | E8: 45-16-ML-2M-A | F8: 5903684850198 | G8: B8504ANODA_2 | H8: 17035_2 | I8: {=XLOOKUP(G8,KLUS!$A$2:$A$2010,KLUS!$E$2:$E$2010)+XLOOKUP(H8,KLUS!$A$2:$A$2010,KLUS!$E$2:$E$2010)} -> 54.5 | J8: =I8*(1-$J$2) -> 49.05 | K8: =J8*(1-$K$2) -> 39.24 | L8: =ROUND(M8/1.23,100) -> 49.02439 | M8: =ROUND(J8*1.23,1) -> 60.3 | N8: =round(L8*0.8,1) -> 39.2 | O8: =round(N8*1.23,100) -> 48.216
A9: Profil led 45-16 2m anodowany z osłoną mleczną KA-COM | B9: Produkt | C9: 30,00 | E9: 45-16-MLC-2M-A | F9: 5901885267357 | G9: B8504ANODA_2 | H9: 17179_2 | I9: {=XLOOKUP(G9,KLUS!$A$2:$A$2010,KLUS!$E$2:$E$2010)+XLOOKUP(H9,KLUS!$A$2:$A$2010,KLUS!$E$2:$E$2010)} -> 43 | J9: =I9*(1-$J$2) -> 38.7 | K9: =J9*(1-$K$2) -> 30.96 | L9: =ROUND(M9/1.23,100) -> 38.699187 | M9: =ROUND(J9*1.23,1) -> 47.6 | N9: =round(L9*0.8,1) -> 31 | O9: =round(N9*1.23,100) -> 38.13
A10: Profil led 45-16 2m anodowany z osłoną mleczną LIGER | B10: Towar | C10: 61,90 | D10: 342 | E10: 45-16-ML-2M-A-L | F10: 5905475360459 | G10: B8504ANODA_2 | H10: 17037_2 | I10: {=XLOOKUP(G10,KLUS!$A$2:$A$2010,KLUS!$E$2:$E$2010)+XLOOKUP(H10,KLUS!$A$2:$A$2010,KLUS!$E$2:$E$2010)} -> 67.4 | J10: =I10*(1-$J$2) -> 60.66 | K10: =J10*(1-$K$2) -> 48.528 | L10: =ROUND(M10/1.23,100) -> 60.650407 | M10: =ROUND(J10*1.23,1) -> 74.6 | N10: =round(L10*0.8,1) -> 48.5 | O10: =round(N10*1.23,100) -> 59.655
A11: Profil led 45-16 2m anodowany z osłoną przeźroczystą KA | B11: Towar | C11: 49,00 | E11: 45-16-CL-2M-A | F11: 5903684850204 | G11: B8504ANODA_2 | H11: 17036_2 | I11: {=XLOOKUP(G11,KLUS!$A$2:$A$2010,KLUS!$E$2:$E$2010)+XLOOKUP(H11,KLUS!$A$2:$A$2010,KLUS!$E$2:$E$2010)} -> 54.5 | J11: =I11*(1-$J$2) -> 49.05 | K11: =J11*(1-$K$2) -> 39.24 | L11: =ROUND(M11/1.23,100) -> 49.02439 | M11: =ROUND(J11*1.23,1) -> 60.3 | N11: =round(L11*0.8,1) -> 39.2 | O11: =round(N11*1.23,100) -> 48.216
A12: Profil led 45-16 2m anodowany z osłoną przeźroczystą KA-COM | B12: Towar | C12: 37,60 | E12: 45-16-CLC-2M-A | F12: 5901885267364 | G12: B8504ANODA_2 | H12: 17122_2 | I12: {=XLOOKUP(G12,KLUS!$A$2:$A$2010,KLUS!$E$2:$E$2010)+XLOOKUP(H12,KLUS!$A$2:$A$2010,KLUS!$E$2:$E$2010)} -> 43 | J12: =I12*(1-$J$2) -> 38.7 | K12: =J12*(1-$K$2) -> 30.96 | L12: =ROUND(M12/1.23,100) -> 38.699187 | M12: =ROUND(J12*1.23,1) -> 47.6 | N12: =round(L12*0.8,1) -> 31 | O12: =round(N12*1.23,100) -> 38.13
A13: Profil led 45-16 3m anodowany z osłoną mleczną KA | B13: Towar | C13: 73,50 | E13: 45-16-ML-3M-A | F13: 5903684850211 | G13: B8504ANODA_3 | H13: 17035_3 | I13: {=XLOOKUP(G13,KLUS!$A$2:$A$2010,KLUS!$E$2:$E$2010)+XLOOKUP(H13,KLUS!$A$2:$A$2010,KLUS!$E$2:$E$2010)} -> 81.7 | J13: =I13*(1-$J$2) -> 73.53 | K13: =J13*(1-$K$2) -> 58.824 | L13: =ROUND(M13/1.23,100) -> 73.495935 | M13: =ROUND(J13*1.23,1) -> 90.4 | N13: =round(L13*0.8,1) -> 58.8 | O13: =round(N13*1.23,100) -> 72.324
A14: Profil led 45-16 3m anodowany z osłoną mleczną KA-COM | B14: Towar | C14: 56,40 | E14: 45-16-MLC-3M-A | F14: 5901885267593 | G14: B8504ANODA_3 | H14: 17179_3 | I14: {=XLOOKUP(G14,KLUS!$A$2:$A$2010,KLUS!$E$2:$E$2010)+XLOOKUP(H14,KLUS!$A$2:$A$2010,KLUS!$E$2:$E$2010)} -> 64.4 | J14: =I14*(1-$J$2) -> 57.96 | K14: =J14*(1-$K$2) -> 46.368 | L14: =ROUND(M14/1.23,100) -> 57.96748 | M14: =ROUND(J14*1.23,1) -> 71.3 | N14: =round(L14*0.8,1) -> 46.4 | O14: =round(N14*1.23,100) -> 57.072
A15: Profil led 45-16 3m anodowany z osłoną mleczną LIGER | B15: Towar | C15: 92,85 | E15: 45-16-ML-3M-A-L | F15: 5905475360466 | G15: B8504ANODA_3 | H15: 17037_3 | I15: {=XLOOKUP(G15,KLUS!$A$2:$A$2010,KLUS!$E$2:$E$2010)+XLOOKUP(H15,KLUS!$A$2:$A$2010,KLUS!$E$2:$E$2010)} -> 101 | J15: =I15*(1-$J$2) -> 90.9 | K15: =J15*(1-$K$2) -> 72.72 | L15: =ROUND(M15/1.23,100) -> 90.894309 | M15: =ROUND(J15*1.23,1) -> 111.8 | N15: =round(L15*0.8,1) -> 72.7 | O15: =round(N15*1.23,100) -> 89.421
A16: Profil led 45-16 3m anodowany z osłoną przeźroczystą KA | B16: Towar | C16: 73,50 | E16: 45-16-CL-3M-A | F16: 5903684850228 | G16: B8504ANODA_3 | H16: 17036_3 | I16: {=XLOOKUP(G16,KLUS!$A$2:$A$2010,KLUS!$E$2:$E$2010)+XLOOKUP(H16,KLUS!$A$2:$A$2010,KLUS!$E$2:$E$2010)} -> 81.7 | J16: =I16*(1-$J$2) -> 73.53 | K16: =J16*(1-$K$2) -> 58.824 | M16: =ROUND(J16*1.23,1) -> 90.4 | N16: =round(L16*0.8,1) -> 0 | O16: =round(N16*1.23,100) -> 0
A17: Profil led 45-16 3m anodowany z osłoną przeźroczystą KA-COM | B17: Towar | C17: 56,40 | E17: 45-16-CLC-3M-A | F17: 5903684850235 | G17: B8504ANODA_3 | H17: 17122_3 | I17: {=XLOOKUP(G17,KLUS!$A$2:$A$2010,KLUS!$E$2:$E$2010)+XLOOKUP(H17,KLUS!$A$2:$A$2010,KLUS!$E$2:$E$2010)} -> 64.4 | J17: =I17*(1-$J$2) -> 57.96 | K17: =J17*(1-$K$2) -> 46.368 | M17: =ROUND(J17*1.23,1) -> 71.3 | N17: =round(L17*0.8,1) -> 0
A18: Profil led 45-ALU 1m anodowany z osłoną mleczną KA | B18: Towar | C18: 33,25 | E18: 45-ALU-ML-1M-A | F18: 5902596558376 | G18: B4023ANODA_1 | H18: 17035_1 | I18: {=XLOOKUP(G18,KLUS!$A$2:$A$2010,KLUS!$E$2:$E$2010)+XLOOKUP(H18,KLUS!$A$2:$A$2010,KLUS!$E$2:$E$2010)} -> 35.6 | J18: =I18*(1-$J$2) -> 32.04 | K18: =J18*(1-$K$2) -> 25.632 | M18: =ROUND(J18*1.23,1) -> 39.4 | N18: =round(L18*0.8,1) -> 0
A19: Profil led 45-ALU 1m anodowany z osłoną mleczną KA-COM | B19: Towar | C19: 24,75 | E19: 45-ALU-MLC-1M-A | F19: 5901885266121 | G19: B4023ANODA_1 | H19: 17179_1 | I19: {=XLOOKUP(G19,KLUS!$A$2:$A$2010,KLUS!$E$2:$E$2010)+XLOOKUP(H19,KLUS!$A$2:$A$2010,KLUS!$E$2:$E$2010)} -> 29.8 | J19: =I19*(1-$J$2) -> 26.82 | K19: =J19*(1-$K$2) -> 21.456 | M19: =ROUND(J19*1.23,1) -> 33 | N19: =round(L19*0.8,1) -> 0
A20: Profil led 45-ALU 1m anodowany z osłoną przeźroczystą KA | B20: Towar | C20: 33,25 | E20: 45-ALU-CL-1M-A | F20: 5903684850280 | G20: B4023ANODA_1 | H20: 17036_1 | I20: {=XLOOKUP(G20,KLUS!$A$2:$A$2010,KLUS!$E$2:$E$2010)+XLOOKUP(H20,KLUS!$A$2:$A$2010,KLUS!$E$2:$E$2010)} -> 35.6 | J20: =I20*(1-$J$2) -> 32.04 | K20: =J20*(1-$K$2) -> 25.632 | M20: =ROUND(J20*1.23,1) -> 39.4 | N20: =round(L20*0.8,1) -> 0
A21: Profil led 45-ALU 1m anodowany z osłoną przeźroczystą KA-COM | B21: Towar | C21: 24,75 | E21: 45-ALU-CLC-1M-A | F21: 5903684850303 | G21: B4023ANODA_1 | H21: 17122_1 | I21: {=XLOOKUP(G21,KLUS!$A$2:$A$2010,KLUS!$E$2:$E$2010)+XLOOKUP(H21,KLUS!$A$2:$A$2010,KLUS!$E$2:$E$2010)} -> 29.8 | J21: =I21*(1-$J$2) -> 26.82 | K21: =J21*(1-$K$2) -> 21.456 | M21: =ROUND(J21*1.23,1) -> 33 | N21: =round(L21*0.8,1) -> 0
A22: Profil led 45-ALU 1m biały lakierowany z osłoną mleczną KA | B22: Produkt | C22: 35,00 | E22: 45-ALU-ML-1M-B | F22: 5903684850266 | G22: B4023L9010OD_1 | H22: 17035_1 | I22: {=XLOOKUP(G22,KLUS!$A$2:$A$2010,KLUS!$E$2:$E$2010)+XLOOKUP(H22,KLUS!$A$2:$A$2010,KLUS!$E$2:$E$2010)} -> 56.4 | J22: =I22*(1-$J$2) -> 50.76 | K22: =J22*(1-$K$2) -> 40.608 | M22: =ROUND(J22*1.23,1) -> 62.4 | N22: =round(L22*0.8,1) -> 0
A23: Profil led 45-ALU 1m czarny anodowany z osłoną mleczną KA | B23: Towar | C23: 0,00 | E23: 45-ALU-ML-1M-A-CZ | F23: 5903684850259 | G23: B4023K7_1 | H23: 17035_1 | I23: {=XLOOKUP(G23,KLUS!$A$2:$A$2010,KLUS!$E$2:$E$2010)+XLOOKUP(H23,KLUS!$A$2:$A$2010,KLUS!$E$2:$E$2010)} -> 39.7 | J23: =I23*(1-$J$2) -> 35.73 | K23: =J23*(1-$K$2) -> 28.584 | M23: =ROUND(J23*1.23,1) -> 43.9 | N23: =round(L23*0.8,1) -> 0
A24: Profil led 45-ALU 1m z osłoną mleczną KA | B24: Towar | C24: 30,45 | E24: 45-ALU-ML-1M | F24: 5903684850242 | G24: B4023NA_1 | H24: 17035_1 | I24: {=XLOOKUP(G24,KLUS!$A$2:$A$2010,KLUS!$E$2:$E$2010)+XLOOKUP(H24,KLUS!$A$2:$A$2010,KLUS!$E$2:$E$2010)} -> 32.5 | J24: =I24*(1-$J$2) -> 29.25 | K24: =J24*(1-$K$2) -> 23.4 | M24: =ROUND(J24*1.23,1) -> 36
A25: Profil led 45-ALU 1m z osłoną mleczną KA-COM | B25: Towar | C25: 24,75 | E25: 45-ALU-MLC-1M | F25: 5901885266114 | G25: B4023NA_1 | H25: 17179_1 | I25: {=XLOOKUP(G25,KLUS!$A$2:$A$2010,KLUS!$E$2:$E$2010)+XLOOKUP(H25,KLUS!$A$2:$A$2010,KLUS!$E$2:$E$2010)} -> 26.7 | J25: =I25*(1-$J$2) -> 24.03 | K25: =J25*(1-$K$2) -> 19.224 | M25: =ROUND(J25*1.23,1) -> 29.6
A26: Profil led 45-ALU 1m z osłoną przeźroczystą KA | B26: Towar | C26: 30,45 | E26: 45-ALU-CL-1M | F26: 5901885269757 | G26: B4023NA_1 | H26: 17036_1 | I26: {=XLOOKUP(G26,KLUS!$A$2:$A$2010,KLUS!$E$2:$E$2010)+XLOOKUP(H26,KLUS!$A$2:$A$2010,KLUS!$E$2:$E$2010)} -> 32.5 | J26: =I26*(1-$J$2) -> 29.25 | K26: =J26*(1-$K$2) -> 23.4 | M26: =ROUND(J26*1.23,1) -> 36
A27: Profil led 45-ALU 1m z osłoną przeźroczystą KA-COM | B27: Towar | C27: 29,80 | E27: 45-ALU-CLC-1M | F27: 5903684850297 | G27: B4023NA_1 | H27: 17122_1 | I27: {=XLOOKUP(G27,KLUS!$A$2:$A$2010,KLUS!$E$2:$E$2010)+XLOOKUP(H27,KLUS!$A$2:$A$2010,KLUS!$E$2:$E$2010)} -> 26.7 | J27: =I27*(1-$J$2) -> 24.03 | K27: =J27*(1-$K$2) -> 19.224 | M27: =ROUND(J27*1.23,1) -> 29.6
A28: Profil led 45-ALU 2m anodowany z osłoną mleczną KA | B28: Produkt | C28: 66,50 | E28: 45-ALU-ML-2M-A | F28: 5902596558383 | G28: B4023ANODA_2 | H28: 17035_2 | I28: {=XLOOKUP(G28,KLUS!$A$2:$A$2010,KLUS!$E$2:$E$2010)+XLOOKUP(H28,KLUS!$A$2:$A$2010,KLUS!$E$2:$E$2010)} -> 71.2 | J28: =I28*(1-$J$2) -> 64.08 | K28: =J28*(1-$K$2) -> 51.264 | M28: =ROUND(J28*1.23,1) -> 78.8
A29: Profil led 45-ALU 2m anodowany z osłoną mleczną KA-COM | B29: Produkt | C29: 55,10 | E29: 45-ALU-MLC-2M-A | F29: 5901885266022 | G29: B4023ANODA_2 | H29: 17179_2 | I29: {=XLOOKUP(G29,KLUS!$A$2:$A$2010,KLUS!$E$2:$E$2010)+XLOOKUP(H29,KLUS!$A$2:$A$2010,KLUS!$E$2:$E$2010)} -> 59.7 | J29: =I29*(1-$J$2) -> 53.73 | K29: =J29*(1-$K$2) -> 42.984 | M29: =ROUND(J29*1.23,1) -> 66.1
A30: Profil led 45-ALU 2m anodowany z osłoną przeźroczystą KA | B30: Towar | C30: 66,50 | E30: 45-ALU-CL-2M-A | F30: 5905475360473 | G30: B4023ANODA_2 | H30: 17036_2 | I30: {=XLOOKUP(G30,KLUS!$A$2:$A$2010,KLUS!$E$2:$E$2010)+XLOOKUP(H30,KLUS!$A$2:$A$2010,KLUS!$E$2:$E$2010)} -> 71.2 | J30: =I30*(1-$J$2) -> 64.08 | K30: =J30*(1-$K$2) -> 51.264 | M30: =ROUND(J30*1.23,1) -> 78.8
A31: Profil led 45-ALU 2m anodowany z osłoną przeźroczystą KA-COM | B31: Produkt | C31: 55,10 | E31: 45-ALU-CLC-2M-A | F31: 5901885265797 | G31: B4023ANODA_2 | H31: 17122_2 | I31: {=XLOOKUP(G31,KLUS!$A$2:$A$2010,KLUS!$E$2:$E$2010)+XLOOKUP(H31,KLUS!$A$2:$A$2010,KLUS!$E$2:$E$2010)} -> 59.7 | J31: =I31*(1-$J$2) -> 53.73 | K31: =J31*(1-$K$2) -> 42.984
A32: Profil led 45-ALU 2m biały lakierowany z osłoną mleczną KA | B32: Towar | C32: 0,00 | E32: 45-ALU-ML-2M-B | F32: 5905475360480 | G32: B4023L9010OD_2 | H32: 17035_2 | I32: {=XLOOKUP(G32,KLUS!$A$2:$A$2010,KLUS!$E$2:$E$2010)+XLOOKUP(H32,KLUS!$A$2:$A$2010,KLUS!$E$2:$E$2010)} -> 112.6 | J32: =I32*(1-$J$2) -> 101.34 | K32: =J32*(1-$K$2) -> 81.072
A33: Profil led 45-ALU 2m biały lakierowany z osłoną mleczną KA-COM | B33: Towar | C33: 92,50 | E33: 45-ALU-MLC-2M-B | F33: 5903684850426 | G33: B4023L9010OD_2 | H33: 17179_2 | I33: {=XLOOKUP(G33,KLUS!$A$2:$A$2010,KLUS!$E$2:$E$2010)+XLOOKUP(H33,KLUS!$A$2:$A$2010,KLUS!$E$2:$E$2010)} -> 101.1 | J33: =I33*(1-$J$2) -> 90.99 | K33: =J33*(1-$K$2) -> 72.792
A34: Profil led 45-ALU 2m czarny anodowany z osłoną mleczną KA | B34: Towar | C34: 0,00 | E34: 45-ALU-ML-2M-A-CZ | F34: 5905475360497 | G34: B4023K7_2 | H34: 17035_2 | I34: {=XLOOKUP(G34,KLUS!$A$2:$A$2010,KLUS!$E$2:$E$2010)+XLOOKUP(H34,KLUS!$A$2:$A$2010,KLUS!$E$2:$E$2010)} -> 79.3 | J34: =I34*(1-$J$2) -> 71.37 | K34: =J34*(1-$K$2) -> 57.096
A35: Profil led 45-ALU 2m z osłoną mleczną KA | B35: Towar | C35: 60,90 | E35: 45-ALU-ML-2M | F35: 5901885266107 | G35: B4023NA_2 | H35: 17035_2 | I35: {=XLOOKUP(G35,KLUS!$A$2:$A$2010,KLUS!$E$2:$E$2010)+XLOOKUP(H35,KLUS!$A$2:$A$2010,KLUS!$E$2:$E$2010)} -> 64.9 | J35: =I35*(1-$J$2) -> 58.41 | K35: =J35*(1-$K$2) -> 46.728
A36: Profil led 45-ALU 2m z osłoną mleczną KA-COM | B36: Produkt | C36: 49,50 | E36: 45-ALU-MLC-2M | F36: 5901885266039 | G36: B4023NA_2 | H36: 17179_2 | I36: {=XLOOKUP(G36,KLUS!$A$2:$A$2010,KLUS!$E$2:$E$2010)+XLOOKUP(H36,KLUS!$A$2:$A$2010,KLUS!$E$2:$E$2010)} -> 53.4 | J36: =I36*(1-$J$2) -> 48.06 | K36: =J36*(1-$K$2) -> 38.448
A37: Profil led 45-ALU 2m z osłoną przeźroczystą KA | B37: Towar | C37: 60,90 | E37: 45-ALU-CL-2M | F37: 5905475360510 | G37: B4023NA_2 | H37: 17036_2 | I37: {=XLOOKUP(G37,KLUS!$A$2:$A$2010,KLUS!$E$2:$E$2010)+XLOOKUP(H37,KLUS!$A$2:$A$2010,KLUS!$E$2:$E$2010)} -> 64.9 | J37: =I37*(1-$J$2) -> 58.41 | K37: =J37*(1-$K$2) -> 46.728
A38: Profil led 45-ALU 2m z osłoną przeźroczystą KA-COM | B38: Produkt | C38: 49,50 | E38: 45-ALU-CLC-2M | F38: 5901885269764 | G38: B4023NA_2 | H38: 17122_2 | I38: {=XLOOKUP(G38,KLUS!$A$2:$A$2010,KLUS!$E$2:$E$2010)+XLOOKUP(H38,KLUS!$A$2:$A$2010,KLUS!$E$2:$E$2010)} -> 53.4 | J38: =I38*(1-$J$2) -> 48.06 | K38: =J38*(1-$K$2) -> 38.448
A39: Profil led 45-ALU 3m anodowany z osłoną mleczną KA | B39: Towar | C39: 99,75 | E39: 45-ALU-ML-3M-A | F39: 5905475360527 | G39: B4023ANODA_3 | H39: 17035_3 | I39: {=XLOOKUP(G39,KLUS!$A$2:$A$2010,KLUS!$E$2:$E$2010)+XLOOKUP(H39,KLUS!$A$2:$A$2010,KLUS!$E$2:$E$2010)} -> 106.8 | J39: =I39*(1-$J$2) -> 96.12 | K39: =J39*(1-$K$2) -> 76.896
A40: Profil led 45-ALU 3m anodowany z osłoną mleczną KA-COM | B40: Towar | C40: 82,65 | E40: 45-ALU-MLC-3M-A | F40: 5903684853069 | G40: B4023ANODA_3 | H40: 17179_3 | I40: {=XLOOKUP(G40,KLUS!$A$2:$A$2010,KLUS!$E$2:$E$2010)+XLOOKUP(H40,KLUS!$A$2:$A$2010,KLUS!$E$2:$E$2010)} -> 89.5 | J40: =I40*(1-$J$2) -> 80.55 | K40: =J40*(1-$K$2) -> 64.44
A41: Profil led 45-ALU 3m anodowany z osłoną przeźroczystą KA | B41: Towar | C41: 99,75 | E41: 45-ALU-CL-3M-A | F41: 5905475360534 | G41: B4023ANODA_3 | H41: 17036_3 | I41: {=XLOOKUP(G41,KLUS!$A$2:$A$2010,KLUS!$E$2:$E$2010)+XLOOKUP(H41,KLUS!$A$2:$A$2010,KLUS!$E$2:$E$2010)} -> 106.8 | J41: =I41*(1-$J$2) -> 96.12 | K41: =J41*(1-$K$2) -> 76.896
A42: Profil led 45-ALU 3m anodowany z osłoną przeźroczystą KA-COM | B42: Towar | C42: 82,65 | E42: 45-ALU-CLC-3M-A | F42: 5903684853076 | G42: B4023ANODA_3 | H42: 17122_3 | I42: {=XLOOKUP(G42,KLUS!$A$2:$A$2010,KLUS!$E$2:$E$2010)+XLOOKUP(H42,KLUS!$A$2:$A$2010,KLUS!$E$2:$E$2010)} -> 89.5 | J42: =I42*(1-$J$2) -> 80.55 | K42: =J42*(1-$K$2) -> 64.44
... A104: PROFIL LED LIPOD 3m MLECZNA ANODOWANY HS 22 | B104: Towar | C104: 168,15 | E104: LIPOD-ALU-ML-3M | F104: 5905475360688 | G104: B5554ANODA_3 | H104: 17011_3 | I104: {=XLOOKUP(G104,KLUS!$A$2:$A$2010,KLUS!$E$2:$E$2010)+XLOOKUP(H104,KLUS!$A$2:$A$2010,KLUS!$E$2:$E$2010)} -> 190.9 | J104: =I104*(1-$J$2) -> 171.81 | K104: =J104*(1-$K$2) -> 137.448
A105: PROFIL LED LIPOD 3m MLECZNA ANODOWANY LI GER22 | B105: Towar | C105: 190,35 | E105: LIPOD-ALU-LIGER-3M | G105: B5554ANODA_3 | H105: 17032V1_3 | I105: {=XLOOKUP(G105,KLUS!$A$2:$A$2010,KLUS!$E$2:$E$2010)+XLOOKUP(H105,KLUS!$A$2:$A$2010,KLUS!$E$2:$E$2010)} -> 213.1 | J105: =I105*(1-$J$2) -> 191.79 | K105: =J105*(1-$K$2) -> 153.432
A106: Profil led LOC-30 1m anodowany z przesło ną przeźroczystą HS22 | B106: Towar | C106: 69,60 | E106: LOC-30-ALU-CL-1M-A | F106: 5903684853410 | G106: 18015ANODA_1 | H106: 17022_1 | I106: {=XLOOKUP(G106,KLUS!$A$2:$A$2010,KLUS!$E$2:$E$2010)+XLOOKUP(H106,KLUS!$A$2:$A$2010,KLUS!$E$2:$E$2010)} -> 79 | J106: =I106*(1-$J$2) -> 71.1 | K106: =J106*(1-$K$2) -> 56.88
A107: PROFIL LED LOC-30 1m MLECZNA ANODOWANY H S22 | B107: Towar | C107: 69,60 | E107: LOC-30-ALU-ML-1M-A | F107: 5903684853403 | G107: 18015ANODA_1 | H107: 17011_1 | I107: {=XLOOKUP(G107,KLUS!$A$2:$A$2010,KLUS!$E$2:$E$2010)+XLOOKUP(H107,KLUS!$A$2:$A$2010,KLUS!$E$2:$E$2010)} -> 79 | J107: =I107*(1-$J$2) -> 71.1 | K107: =J107*(1-$K$2) -> 56.88
A108: PROFIL LED LOC-30 2m MLECZNA ANODOWANY H S22 | B108: Towar | C108: 139,20 | E108: LOC-30-ALU-ML-2M-A | F108: 5905475360695 | G108: 18015ANODA_2 | H108: 17011_2 | I108: {=XLOOKUP(G108,KLUS!$A$2:$A$2010,KLUS!$E$2:$E$2010)+XLOOKUP(H108,KLUS!$A$2:$A$2010,KLUS!$E$2:$E$2010)} -> 158 | J108: =I108*(1-$J$2) -> 142.2 | K108: =J108*(1-$K$2) -> 113.76
A109: PROFIL LED LOC-30 2m PRZEŹROCZYSTA ANODO WANY HS22 | B109: Towar | C109: 139,20 | E109: LOC-30-ALU-CL-2M-A | F109: 5905475360701 | G109: 18015ANODA_2 | H109: 17022_2 | I109: {=XLOOKUP(G109,KLUS!$A$2:$A$2010,KLUS!$E$2:$E$2010)+XLOOKUP(H109,KLUS!$A$2:$A$2010,KLUS!$E$2:$E$2010)} -> 158 | J109: =I109*(1-$J$2) -> 142.2 | K109: =J109*(1-$K$2) -> 113.76
A110: PROFIL LED LOC-30 3m MLECZNA ANODOWANY H S22 | B110: Towar | C110: 208,80 | E110: LOC-30-ALU-ML-3M-A | F110: 5905475360718 | G110: 18015ANODA_3 | H110: 17011_3 | I110: {=XLOOKUP(G110,KLUS!$A$2:$A$2010,KLUS!$E$2:$E$2010)+XLOOKUP(H110,KLUS!$A$2:$A$2010,KLUS!$E$2:$E$2010)} -> 236.9 | J110: =I110*(1-$J$2) -> 213.21 | K110: =J110*(1-$K$2) -> 170.568
A111: PROFIL LED LOC-30 3m PRZEŹROCZYSTA ANODO WANY HS22 | B111: Towar | C111: 208,80 | E111: LOC-30-ALU-CL-3M-A | F111: 5905475360725 | G111: 18015ANODA_3 | H111: 17022_3 | I111: {=XLOOKUP(G111,KLUS!$A$2:$A$2010,KLUS!$E$2:$E$2010)+XLOOKUP(H111,KLUS!$A$2:$A$2010,KLUS!$E$2:$E$2010)} -> 236.9 | J111: =I111*(1-$J$2) -> 213.21 | K111: =J111*(1-$K$2) -> 170.568
A112: PROFIL LED LOKOM 1m MUN ANODOWANY | B112: Towar | C112: 61,65 | E112: LOKOM-ALU-MUN-1M | F112: 5905475360749 | G112: B5553ANODA_1 | H112: 17042_1 | I112: {=XLOOKUP(G112,KLUS!$A$2:$A$2010,KLUS!$E$2:$E$2010)+XLOOKUP(H112,KLUS!$A$2:$A$2010,KLUS!$E$2:$E$2010)} -> 68.8 | J112: =I112*(1-$J$2) -> 61.92 | K112: =J112*(1-$K$2) -> 49.536
A113: PROFIL LED LOKOM 1m PRZEŹROCZYSTA ANODOW ANY | B113: Towar | C113: 56,50 | E113: LOKOM-ALU-CL-1M | F113: 5905475360732 | G113: B5553ANODA_1 | H113: 17022_1 | I113: {=XLOOKUP(G113,KLUS!$A$2:$A$2010,KLUS!$E$2:$E$2010)+XLOOKUP(H113,KLUS!$A$2:$A$2010,KLUS!$E$2:$E$2010)} -> 63.6 | J113: =I113*(1-$J$2) -> 57.24 | K113: =J113*(1-$K$2) -> 45.792
A114: Profil led LOKOM 1m z przesłoną mleczną HS22 | B114: Towar | C114: 56,50 | E114: LOKOM-ALU-ML-1M | F114: 5903684853434 | G114: B5553ANODA_1 | H114: 17011_1 | I114: {=XLOOKUP(G114,KLUS!$A$2:$A$2010,KLUS!$E$2:$E$2010)+XLOOKUP(H114,KLUS!$A$2:$A$2010,KLUS!$E$2:$E$2010)} -> 63.6 | J114: =I114*(1-$J$2) -> 57.24 | K114: =J114*(1-$K$2) -> 45.792
A115: PROFIL LED LOKOM 2m MLECZNA ANODOWANY HS 22 | B115: Towar | C115: 113,00 | E115: LOKOM-ALU-ML-2M | F115: 5903684852475 | G115: B5553ANODA_2 | H115: 17011_2 | I115: {=XLOOKUP(G115,KLUS!$A$2:$A$2010,KLUS!$E$2:$E$2010)+XLOOKUP(H115,KLUS!$A$2:$A$2010,KLUS!$E$2:$E$2010)} -> 127.2 | J115: =I115*(1-$J$2) -> 114.48 | K115: =J115*(1-$K$2) -> 91.584
A116: PROFIL LED LOKOM 2m MUN ANODOWANY | B116: Towar | C116: 123,30 | E116: LOKOM-ALU-MUN-2M | F116: 5905475360756 | G116: B5553ANODA_2 | H116: 17042_2 | I116: {=XLOOKUP(G116,KLUS!$A$2:$A$2010,KLUS!$E$2:$E$2010)+XLOOKUP(H116,KLUS!$A$2:$A$2010,KLUS!$E$2:$E$2010)} -> 137.5 | J116: =I116*(1-$J$2) -> 123.75 | K116: =J116*(1-$K$2) -> 99
A117: PROFIL LED LOKOM 2m PRZEŹROCZYSTA ANODOW ANY | B117: Towar | C117: 113,00 | E117: LOKOM-ALU-CL-2M | F117: 5905475360763 | G117: B5553ANODA_2 | H117: 17022_2 | I117: {=XLOOKUP(G117,KLUS!$A$2:$A$2010,KLUS!$E$2:$E$2010)+XLOOKUP(H117,KLUS!$A$2:$A$2010,KLUS!$E$2:$E$2010)} -> 127.2 | J117: =I117*(1-$J$2) -> 114.48 | K117: =J117*(1-$K$2) -> 91.584
... A162: Profil led Micro 3m z osłoną przeźroczystą KA-COM | B162: Towar | C162: 40,50 | E162: MICRO-CLC-3M | F162: 5903684851591 | G162: B1888NA_3 | H162: 17122_3 | I162: {=XLOOKUP(G162,KLUS!$A$2:$A$2010,KLUS!$E$2:$E$2010)+XLOOKUP(H162,KLUS!$A$2:$A$2010,KLUS!$E$2:$E$2010)} -> 56.3 | J162: =I162*(1-$J$2) -> 50.67 | K162: =J162*(1-$K$2) -> 40.536
A163: Profil led Micro-K 1m anodowany z osłoną mleczną HS | B163: Towar | C163: 29,25 | E163: MICRO-K-ALU-ML-1M-HS | G163: B3775ANODA_1 | H163: 1369_1 | I163: {=XLOOKUP(G163,KLUS!$A$2:$A$2010,KLUS!$E$2:$E$2010)+XLOOKUP(H163,KLUS!$A$2:$A$2010,KLUS!$E$2:$E$2010)} -> #N/A | J163: =I163*(1-$J$2) -> #N/A | K163: =J163*(1-$K$2) -> #N/A
A164: Profil led Micro-K 1m anodowany z osłoną mleczną KA | B164: Produkt | C164: 21,00 | E164: MICRO-K-ALU-ML-1M | F164: 5901885266725 | G164: B3775ANODA_1 | H164: 17035_1 | I164: {=XLOOKUP(G164,KLUS!$A$2:$A$2010,KLUS!$E$2:$E$2010)+XLOOKUP(H164,KLUS!$A$2:$A$2010,KLUS!$E$2:$E$2010)} -> #N/A | J164: =I164*(1-$J$2) -> #N/A | K164: =J164*(1-$K$2) -> #N/A
A165: Profil led Micro-K 1m anodowany z osłoną mleczną KA-COM | B165: Produkt | C165: 22,25 | E165: MICRO-K-ALU-MLC-1M | F165: 5901885265704 | G165: B3775ANODA_1 | H165: 17179_1 | I165: {=XLOOKUP(G165,KLUS!$A$2:$A$2010,KLUS!$E$2:$E$2010)+XLOOKUP(H165,KLUS!$A$2:$A$2010,KLUS!$E$2:$E$2010)} -> #N/A | J165: =I165*(1-$J$2) -> #N/A | K165: =J165*(1-$K$2) -> #N/A
A166: Profil led Micro-K 1m anodowany z osłoną przeźroczystą KA | B166: Produkt | C166: 21,00 | E166: MICRO-K-ALU-CL-1M | F166: 5901885266770 | G166: B3775ANODA_1 | H166: 17036_1 | I166: {=XLOOKUP(G166,KLUS!$A$2:$A$2010,KLUS!$E$2:$E$2010)+XLOOKUP(H166,KLUS!$A$2:$A$2010,KLUS!$E$2:$E$2010)} -> #N/A | J166: =I166*(1-$J$2) -> #N/A | K166: =J166*(1-$K$2) -> #N/A
A167: Profil led Micro-K 1m anodowany z osłoną przeźroczystą KA-COM | B167: Towar | C167: 9,50 | E167: MICRO-K-ALU-CLC-1M | F167: 5901885265711 | G167: B3775ANODA_1 | H167: 17122_1 | I167: {=XLOOKUP(G167,KLUS!$A$2:$A$2010,KLUS!$E$2:$E$2010)+XLOOKUP(H167,KLUS!$A$2:$A$2010,KLUS!$E$2:$E$2010)} -> #N/A | J167: =I167*(1-$J$2) -> #N/A | K167: =J167*(1-$K$2) -> #N/A
A168: Profil led Micro-K 1m czarny anodowany | B168: Towar | C168: 14,15 | E168: MICRO-K-ALU-1M-CZ | F168: 5902280311621 | G168: B3775_K7_1 | I168: {=XLOOKUP(G168,KLUS!$A$2:$A$2010,KLUS!$E$2:$E$2010)+XLOOKUP(H168,KLUS!$A$2:$A$2010,KLUS!$E$2:$E$2010)} -> #N/A | J168: =I168*(1-$J$2) -> #N/A | K168: =J168*(1-$K$2) -> #N/A
A169: Profil led Micro-K 1m czarny anodowany z osłoną mleczną KA | B169: Towar | C169: 22,75 | E169: MICRO-K-ALU-ML-1M-CZ | F169: 5903684852390 | G169: B3775_K7_1 | H169: 17035_1 | I169: {=XLOOKUP(G169,KLUS!$A$2:$A$2010,KLUS!$E$2:$E$2010)+XLOOKUP(H169,KLUS!$A$2:$A$2010,KLUS!$E$2:$E$2010)} -> #N/A | J169: =I169*(1-$J$2) -> #N/A | K169: =J169*(1-$K$2) -> #N/A
A170: Profil led Micro-K 2m anodowany wyc | B170: Towar | C170: 34,40 | E170: MICRO-K-ALU-2M | F170: 5906660780144 | G170: B3775ANODA_2 | I170: {=XLOOKUP(G170,KLUS!$A$2:$A$2010,KLUS!$E$2:$E$2010)+XLOOKUP(H170,KLUS!$A$2:$A$2010,KLUS!$E$2:$E$2010)} -> #N/A | J170: =I170*(1-$J$2) -> #N/A | K170: =J170*(1-$K$2) -> #N/A
A171: Profil led Micro-K 2m anodowany z osłoną mleczną HS | B171: Towar | C171: 58,50 | E171: MICRO-K-ALU-ML-2M-HS | G171: B3775_2 | H171: 1369_2 | I171: {=XLOOKUP(G171,KLUS!$A$2:$A$2010,KLUS!$E$2:$E$2010)+XLOOKUP(H171,KLUS!$A$2:$A$2010,KLUS!$E$2:$E$2010)} -> #N/A | J171: =I171*(1-$J$2) -> #N/A | K171: =J171*(1-$K$2) -> #N/A
A172: Profil led Micro-K 2m anodowany z osłoną mleczną KA | B172: Towar | C172: 55,90 | E172: MICRO-K-ALU-ML-2M | F172: 5901885266015 | G172: B3775ANODA_2 | H172: 17035_2 | I172: {=XLOOKUP(G172,KLUS!$A$2:$A$2010,KLUS!$E$2:$E$2010)+XLOOKUP(H172,KLUS!$A$2:$A$2010,KLUS!$E$2:$E$2010)} -> #N/A | J172: =I172*(1-$J$2) -> #N/A | K172: =J172*(1-$K$2) -> #N/A
A173: Profil led Micro-K 2m anodowany z osłoną mleczną KA-COM | B173: Produkt | C173: 44,50 | E173: MICRO-K-ALU-MLC-2M | F173: 5901885265728 | G173: B3775ANODA_2 | H173: 17179_2 | I173: {=XLOOKUP(G173,KLUS!$A$2:$A$2010,KLUS!$E$2:$E$2010)+XLOOKUP(H173,KLUS!$A$2:$A$2010,KLUS!$E$2:$E$2010)} -> #N/A | J173: =I173*(1-$J$2) -> #N/A | K173: =J173*(1-$K$2) -> #N/A
A174: Profil led Micro-K 2m anodowany z osłoną mleczną LIGER | B174: Towar | C174: 68,80 | E174: MICRO-K-ALU-ML-2M-L | G174: B3775ANODA_2 | H174: 17037_2 | I174: {=XLOOKUP(G174,KLUS!$A$2:$A$2010,KLUS!$E$2:$E$2010)+XLOOKUP(H174,KLUS!$A$2:$A$2010,KLUS!$E$2:$E$2010)} -> #N/A | J174: =I174*(1-$J$2) -> #N/A | K174: =J174*(1-$K$2) -> #N/A
A175: Profil led Micro-K 2m anodowany z osłoną przeźroczystą KA | B175: Towar | C175: 55,90 | E175: MICRO-K-ALU-CL-2M | F175: 5901885266589 | G175: B3775_2 | H175: 17036_2 | I175: {=XLOOKUP(G175,KLUS!$A$2:$A$2010,KLUS!$E$2:$E$2010)+XLOOKUP(H175,KLUS!$A$2:$A$2010,KLUS!$E$2:$E$2010)} -> #N/A | J175: =I175*(1-$J$2) -> #N/A | K175: =J175*(1-$K$2) -> #N/A
A176: Profil led Micro-K 2m anodowany z osłoną przeźroczystą KA-COM | B176: Produkt | C176: 44,50 | E176: MICRO-K-ALU-CLC-2M | F176: 5901885265735 | G176: B3775ANODA_2 | H176: 17122_2 | I176: {=XLOOKUP(G176,KLUS!$A$2:$A$2010,KLUS!$E$2:$E$2010)+XLOOKUP(H176,KLUS!$A$2:$A$2010,KLUS!$E$2:$E$2010)} -> #N/A | J176: =I176*(1-$J$2) -> #N/A | K176: =J176*(1-$K$2) -> #N/A
A177: Profil led Micro-K 2m biały lakierowany | B177: Towar | C177: 37,17 | E177: MICRO-K-LAK-2M-BI | G177: B3775_LAKIER_BI | I177: {=XLOOKUP(G177,KLUS!$A$2:$A$2010,KLUS!$E$2:$E$2010)+XLOOKUP(H177,KLUS!$A$2:$A$2010,KLUS!$E$2:$E$2010)} -> #N/A | J177: =I177*(1-$J$2) -> #N/A | K177: =J177*(1-$K$2) -> #N/A
A178: Profil led Micro-K 2m czarny anodowany | B178: Towar | C178: 28,30 | E178: MICRO-K-ALU-2M-CZ | F178: 5902280308584 | G178: B3775_K7_2 | I178: {=XLOOKUP(G178,KLUS!$A$2:$A$2010,KLUS!$E$2:$E$2010)+XLOOKUP(H178,KLUS!$A$2:$A$2010,KLUS!$E$2:$E$2010)} -> #N/A | J178: =I178*(1-$J$2) -> #N/A | K178: =J178*(1-$K$2) -> #N/A
A179: Profil led Micro-K 2m czarny anodowany z osłoną mleczną KA | B179: Towar | C179: 45,50 | E179: MICRO-K-ALU-ML-2M-CZ | G179: B3775_K7_2 | H179: 17035_2 | I179: {=XLOOKUP(G179,KLUS!$A$2:$A$2010,KLUS!$E$2:$E$2010)+XLOOKUP(H179,KLUS!$A$2:$A$2010,KLUS!$E$2:$E$2010)} -> #N/A | J179: =I179*(1-$J$2) -> #N/A | K179: =J179*(1-$K$2) -> #N/A
A180: Profil led Micro-K 2m czarny anodowany z osłoną mleczną KA-COM | B180: Towar | C180: 44,50 | E180: B3775_K7+17179_2 | F180: 1219000010103 | G180: B3775_K7_2 | H180: 17179_2 | I180: {=XLOOKUP(G180,KLUS!$A$2:$A$2010,KLUS!$E$2:$E$2010)+XLOOKUP(H180,KLUS!$A$2:$A$2010,KLUS!$E$2:$E$2010)} -> #N/A | J180: =I180*(1-$J$2) -> #N/A | K180: =J180*(1-$K$2) -> #N/A
A181: Profil led MICRO-K 2m złoty anodowany | B181: Towar | C181: 38,34 | E181: MICRO-K-ALU-2M-ZŁ | F181: 5902280308539 | G181: B3775_K3.1_2 | I181: {=XLOOKUP(G181,KLUS!$A$2:$A$2010,KLUS!$E$2:$E$2010)+XLOOKUP(H181,KLUS!$A$2:$A$2010,KLUS!$E$2:$E$2010)} -> #N/A | J181: =I181*(1-$J$2) -> #N/A | K181: =J181*(1-$K$2) -> #N/A
A182: Profil led MICRO-K 3m anodowany | B182: Towar | C182: 51,60 | E182: MICRO-K-ALU-3M | F182: 5906660783039 | G182: B3775ANODA_3 | I182: {=XLOOKUP(G182,KLUS!$A$2:$A$2010,KLUS!$E$2:$E$2010)+XLOOKUP(H182,KLUS!$A$2:$A$2010,KLUS!$E$2:$E$2010)} -> #N/A | J182: =I182*(1-$J$2) -> #N/A | K182: =J182*(1-$K$2) -> #N/A
A183: Profil led Micro-K 3m anodowany z osłoną mleczną KA | B183: Towar | C183: 83,85 | E183: MICRO-K-ALU-ML-3M | G183: B3775ANODA_3 | H183: 17035_3 | I183: {=XLOOKUP(G183,KLUS!$A$2:$A$2010,KLUS!$E$2:$E$2010)+XLOOKUP(H183,KLUS!$A$2:$A$2010,KLUS!$E$2:$E$2010)} -> #N/A | J183: =I183*(1-$J$2) -> #N/A | K183: =J183*(1-$K$2) -> #N/A
A184: Profil led MICRO-K 3m anodowany z osłoną mleczną KA-COM | B184: Produkt | C184: 66,75 | E184: MICRO-K-ALU-MLC-3M | F184: 5903684853007 | G184: B3775ANODA_3 | H184: 17179_3 | I184: {=XLOOKUP(G184,KLUS!$A$2:$A$2010,KLUS!$E$2:$E$2010)+XLOOKUP(H184,KLUS!$A$2:$A$2010,KLUS!$E$2:$E$2010)} -> #N/A | J184: =I184*(1-$J$2) -> #N/A | K184: =J184*(1-$K$2) -> #N/A
A185: Profil led Micro-K 3m anodowany z osłoną przeźroczystą KA | B185: Towar | C185: 83,85 | E185: MICRO-K-ALU-CL-3M | G185: B3775ANODA_3 | H185: 17036_3 | I185: {=XLOOKUP(G185,KLUS!$A$2:$A$2010,KLUS!$E$2:$E$2010)+XLOOKUP(H185,KLUS!$A$2:$A$2010,KLUS!$E$2:$E$2010)} -> #N/A | J185: =I185*(1-$J$2) -> #N/A | K185: =J185*(1-$K$2) -> #N/A
A186: Profil led Micro-K 3m biały lakierowany | B186: Towar | C186: 55,80 | E186: B3775L9010_3 | F186: 5902280311942 | G186: B3775L9010_3 | I186: {=XLOOKUP(G186,KLUS!$A$2:$A$2010,KLUS!$E$2:$E$2010)+XLOOKUP(H186,KLUS!$A$2:$A$2010,KLUS!$E$2:$E$2010)} -> #N/A | J186: =I186*(1-$J$2) -> #N/A | K186: =J186*(1-$K$2) -> #N/A
A187: Profil led MICRO-NK 1m anodowany | B187: Produkt | C187: 13,90 | E187: MICRO-NK-ALU-1M | F187: 5902280330059 | G187: C1587ANODA_1 | I187: {=XLOOKUP(G187,KLUS!$A$2:$A$2010,KLUS!$E$2:$E$2010)+XLOOKUP(H187,KLUS!$A$2:$A$2010,KLUS!$E$2:$E$2010)} -> #N/A | J187: =I187*(1-$J$2) -> #N/A | K187: =J187*(1-$K$2) -> #N/A
A188: Profil led Micro-NK 1m czarny anodowany | B188: Towar | C188: 15,40 | E188: MICRO-NK-ALU-1M-CZ | F188: 5902280334484 | G188: C1587K7_1 | I188: {=XLOOKUP(G188,KLUS!$A$2:$A$2010,KLUS!$E$2:$E$2010)+XLOOKUP(H188,KLUS!$A$2:$A$2010,KLUS!$E$2:$E$2010)} -> #N/A | J188: =I188*(1-$J$2) -> #N/A | K188: =J188*(1-$K$2) -> #N/A
A189: Profil led Micro-NK 2m anodowany | B189: Towar | C189: 27,10 | E189: MICRO-NK-ALU-2M | F189: 5902280327059 | G189: C1587ANODA_2 | I189: {=XLOOKUP(G189,KLUS!$A$2:$A$2010,KLUS!$E$2:$E$2010)+XLOOKUP(H189,KLUS!$A$2:$A$2010,KLUS!$E$2:$E$2010)} -> #N/A | J189: =I189*(1-$J$2) -> #N/A | K189: =J189*(1-$K$2) -> #N/A
A190: Profil led Micro-NK 2m anodowany z osłoną mleczną KA-COM | B190: Produkt | C190: 47,60 | E190: MICRO-NK-ALU-MLC-2M | F190: 5903684851119 | G190: C1587_2_2 | H190: 17179_2 | I190: {=XLOOKUP(G190,KLUS!$A$2:$A$2010,KLUS!$E$2:$E$2010)+XLOOKUP(H190,KLUS!$A$2:$A$2010,KLUS!$E$2:$E$2010)} -> #N/A | J190: =I190*(1-$J$2) -> #N/A | K190: =J190*(1-$K$2) -> #N/A
A191: Profil led Micro-NK 2m biały lakierowany | B191: Towar | C191: 32,50 | E191: C1587L9010NS_2 | F191: 5902280348726 | G191: C1587L9010NS_2 | I191: {=XLOOKUP(G191,KLUS!$A$2:$A$2010,KLUS!$E$2:$E$2010)+XLOOKUP(H191,KLUS!$A$2:$A$2010,KLUS!$E$2:$E$2010)} -> #N/A | J191: =I191*(1-$J$2) -> #N/A | K191: =J191*(1-$K$2) -> #N/A
A192: Profil led Micro-NK 2m czarny anodowany | B192: Towar | C192: 30,80 | E192: MICRO-NK-ALU-2M-CZ | F192: 5902280332602 | G192: C1587K7_2 | I192: {=XLOOKUP(G192,KLUS!$A$2:$A$2010,KLUS!$E$2:$E$2010)+XLOOKUP(H192,KLUS!$A$2:$A$2010,KLUS!$E$2:$E$2010)} -> #N/A | J192: =I192*(1-$J$2) -> #N/A | K192: =J192*(1-$K$2) -> #N/A
A193: Profil led Micro-NK 3m anodowany | B193: Towar | C193: 41,60 | E193: MICRO-NK-ALU-3M | F193: 5902280328094 | G193: C1587ANODA_3 | I193: {=XLOOKUP(G193,KLUS!$A$2:$A$2010,KLUS!$E$2:$E$2010)+XLOOKUP(H193,KLUS!$A$2:$A$2010,KLUS!$E$2:$E$2010)} -> #N/A | J193: =I193*(1-$J$2) -> #N/A | K193: =J193*(1-$K$2) -> #N/A
A194: Profil led Micro-NK 3m czarny anodowany | B194: Towar | C194: 46,20 | E194: MICRO-NK-ALU-3M-CZ | F194: 5902280333807 | G194: C1587K7_3 | I194: {=XLOOKUP(G194,KLUS!$A$2:$A$2010,KLUS!$E$2:$E$2010)+XLOOKUP(H194,KLUS!$A$2:$A$2010,KLUS!$E$2:$E$2010)} -> #N/A | J194: =I194*(1-$J$2) -> #N/A | K194: =J194*(1-$K$2) -> #N/A
A195: Profil led MICRO-PLUS 1m anodowany | B195: Towar | C195: 18,60 | E195: C2966ANODA_1 | F195: 5902280338734 | G195: C2966ANODA_1 | I195: {=XLOOKUP(G195,KLUS!$A$2:$A$2010,KLUS!$E$2:$E$2010)+XLOOKUP(H195,KLUS!$A$2:$A$2010,KLUS!$E$2:$E$2010)} -> #N/A | J195: =I195*(1-$J$2) -> #N/A | K195: =J195*(1-$K$2) -> #N/A
A196: Profil led Micro-PLUS 1m czarny anoda | B196: Towar | C196: 22,60 | E196: MICRO-PLUS-ALU-1M-A- | F196: 5902280342762 | G196: C2966K7_1 | I196: {=XLOOKUP(G196,KLUS!$A$2:$A$2010,KLUS!$E$2:$E$2010)+XLOOKUP(H196,KLUS!$A$2:$A$2010,KLUS!$E$2:$E$2010)} -> #N/A | J196: =I196*(1-$J$2) -> #N/A | K196: =J196*(1-$K$2) -> #N/A
A197: Profil led MICRO-PLUS 2m anodowany | B197: Towar | C197: 37,30 | E197: C2966ANODA_2 | F197: 5902280338710 | G197: C2966ANODA_2 | I197: {=XLOOKUP(G197,KLUS!$A$2:$A$2010,KLUS!$E$2:$E$2010)+XLOOKUP(H197,KLUS!$A$2:$A$2010,KLUS!$E$2:$E$2010)} -> #N/A | J197: =I197*(1-$J$2) -> #N/A | K197: =J197*(1-$K$2) -> #N/A
A198: Profil led Micro-PLUS 2m czarny anoda | B198: Towar | C198: 45,20 | E198: MICRO-PLUS-ALU-2M-A- | F198: 5902280341291 | G198: C2966K7_2 | I198: {=XLOOKUP(G198,KLUS!$A$2:$A$2010,KLUS!$E$2:$E$2010)+XLOOKUP(H198,KLUS!$A$2:$A$2010,KLUS!$E$2:$E$2010)} -> #N/A | J198: =I198*(1-$J$2) -> #N/A | K198: =J198*(1-$K$2) -> #N/A
A199: Profil led MICRO-PLUS 3m anodowany | B199: Towar | C199: 36,50 | E199: C2966ANODA_3 | F199: 5902280338727 | G199: C2966ANODA_3 | I199: {=XLOOKUP(G199,KLUS!$A$2:$A$2010,KLUS!$E$2:$E$2010)+XLOOKUP(H199,KLUS!$A$2:$A$2010,KLUS!$E$2:$E$2010)} -> #N/A | J199: =I199*(1-$J$2) -> #N/A | K199: =J199*(1-$K$2) -> #N/A
A200: Profil led Micro-PLUS 3m czarny anoda | B200: Towar | C200: 67,80 | E200: MICRO-PLUS-ALU-3M-A- | F200: 5902280341307 | G200: C2966K7_3 | I200: {=XLOOKUP(G200,KLUS!$A$2:$A$2010,KLUS!$E$2:$E$2010)+XLOOKUP(H200,KLUS!$A$2:$A$2010,KLUS!$E$2:$E$2010)} -> #N/A | J200: =I200*(1-$J$2) -> #N/A | K200: =J200*(1-$K$2) -> #N/A
A201: PROFIL LED OPAC-30 1m ANODOWANY MLECZNA HS22 | B201: Towar | C201: 40,50 | E201: OPAC30-ALU-ML-1M | F201: 5905475360848 | G201: B6164ANODA_1 | H201: 17011_1 | I201: {=XLOOKUP(G201,KLUS!$A$2:$A$2010,KLUS!$E$2:$E$2010)+XLOOKUP(H201,KLUS!$A$2:$A$2010,KLUS!$E$2:$E$2010)} -> 44.8 | J201: =I201*(1-$J$2) -> 40.32 | K201: =J201*(1-$K$2) -> 32.256
A202: PROFIL LED OPAC-30 2m ANODOWANY MLECZNA HS22 | B202: Towar | C202: 81,00 | E202: OPAC30-ALU-ML-2M | F202: 5903684851973 | G202: B6164ANODA_2 | H202: 17011_2 | I202: {=XLOOKUP(G202,KLUS!$A$2:$A$2010,KLUS!$E$2:$E$2010)+XLOOKUP(H202,KLUS!$A$2:$A$2010,KLUS!$E$2:$E$2010)} -> 89.6 | J202: =I202*(1-$J$2) -> 80.64 | K202: =J202*(1-$K$2) -> 64.512
A203: PROFIL LED OPAC-30 3m ANODOWANY MLECZNA HS22 | B203: Towar | C203: 121,50 | E203: OPAC30-ALU-ML-3M | G203: B6164ANODA_3 | H203: 17011_3 | I203: {=XLOOKUP(G203,KLUS!$A$2:$A$2010,KLUS!$E$2:$E$2010)+XLOOKUP(H203,KLUS!$A$2:$A$2010,KLUS!$E$2:$E$2010)} -> 134.4 | J203: =I203*(1-$J$2) -> 120.96 | K203: =J203*(1-$K$2) -> 96.768
A204: PROFIL LED PAC 1m MLECZNA ANODOWANY | B204: Towar | C204: 34,55 | E204: PAC-ALU-ML-1M | F204: 1219000008933 | G204: B4370ANODA_1 | H204: 00157_1 | I204: {=XLOOKUP(G204,KLUS!$A$2:$A$2010,KLUS!$E$2:$E$2010)+XLOOKUP(H204,KLUS!$A$2:$A$2010,KLUS!$E$2:$E$2010)} -> 39 | J204: =I204*(1-$J$2) -> 35.1 | K204: =J204*(1-$K$2) -> 28.08
A205: PROFIL LED PAC 1m PRZEZROCZYSTA ANODOWAN Y | B205: Towar | C205: 34,55 | E205: PAC-ALU-CL-1M | G205: B4370ANODA_1 | H205: 00158_1 | I205: {=XLOOKUP(G205,KLUS!$A$2:$A$2010,KLUS!$E$2:$E$2010)+XLOOKUP(H205,KLUS!$A$2:$A$2010,KLUS!$E$2:$E$2010)} -> 39 | J205: =I205*(1-$J$2) -> 35.1 | K205: =J205*(1-$K$2) -> 28.08
...

Sheet DO WGRANIA
A1: Artykuł | B1: Nr katalogowy | C1: VAT zakupu | D1: Waluta zakupu | E1: Cena zakupu netto | F1: Cena zakupu brutto | G1: IdCeny | H1: Cena | I1: Netto | J1: Brutto | K1: Tryb | L1: VAT sprzedaży | M1: Waluta sprzedaży
A2: Kształtka Kozel L90 z osłoną mleczną HS-22 | B2: 42817 | G2: 2 | H2: Hurtowa | I2: {=IFS(H2="detaliczna",XLOOKUP(B2,roboczykarol!$D$3:$D$2010,roboczykarol!$L$3:$L$2010),H2="Hurtowa",XLOOKUP(B2,roboczykarol!$D$3:$D$2010,roboczykarol!$N$3:$N$2010))} -> 19.6 | J2: {=IFS(H2="Hurtowa",XLOOKUP(B2,roboczykarol!$D$3:$D$2010,roboczykarol!$O$3:$O$2010),H2="Detaliczna",round(XLOOKUP(B2,roboczykarol!$D$3:$D$2010,roboczykarol!$M$3:$M$2010),1))} -> 24.108 | K2: netto | L2: 23
A3: Kształtka Kozel L90 z osłoną mleczną HS-22 | B3: 42817 | G3: 1 | H3: Detaliczna | I3: {=IFS(H3="detaliczna",XLOOKUP(B3,roboczykarol!$D$3:$D$2010,roboczykarol!$L$3:$L$2010),H3="Hurtowa",XLOOKUP(B3,roboczykarol!$D$3:$D$2010,roboczykarol!$N$3:$N$2010))} -> 24.552846 | J3: {=IFS(H3="Hurtowa",XLOOKUP(B3,roboczykarol!$D$3:$D$2010,roboczykarol!$O$3:$O$2010),H3="Detaliczna",round(XLOOKUP(B3,roboczykarol!$D$3:$D$2010,roboczykarol!$M$3:$M$2010),1))} -> 30.2 | K3: netto | L3: 23
A4: Kształtka Kozel L90 z osłoną mleczną LIGER-22 | B4: 42907 | G4: 2 | H4: Hurtowa | I4: {=IFS(H4="detaliczna",XLOOKUP(B4,roboczykarol!$D$3:$D$2010,roboczykarol!$L$3:$L$2010),H4="Hurtowa",XLOOKUP(B4,roboczykarol!$D$3:$D$2010,roboczykarol!$N$3:$N$2010))} -> 24.3 | J4: {=IFS(H4="Hurtowa",XLOOKUP(B4,roboczykarol!$D$3:$D$2010,roboczykarol!$O$3:$O$2010),H4="Detaliczna",round(XLOOKUP(B4,roboczykarol!$D$3:$D$2010,roboczykarol!$M$3:$M$2010),1))} -> 29.889 | K4: netto | L4: 23
A5: Kształtka Kozel L90 z osłoną mleczną LIGER-22 | B5: 42907 | G5: 1 | H5: Detaliczna | I5: {=IFS(H5="detaliczna",XLOOKUP(B5,roboczykarol!$D$3:$D$2010,roboczykarol!$L$3:$L$2010),H5="Hurtowa",XLOOKUP(B5,roboczykarol!$D$3:$D$2010,roboczykarol!$N$3:$N$2010))} -> 30.325203 | J5: {=IFS(H5="Hurtowa",XLOOKUP(B5,roboczykarol!$D$3:$D$2010,roboczykarol!$O$3:$O$2010),H5="Detaliczna",round(XLOOKUP(B5,roboczykarol!$D$3:$D$2010,roboczykarol!$M$3:$M$2010),1))} -> 37.3 | K5: netto | L5: 23
A6: Kształtka Kozel L90PW z osłoną mleczną LIGER-22 | B6: 42909 | G6: 2 | H6: Hurtowa | I6: {=IFS(H6="detaliczna",XLOOKUP(B6,roboczykarol!$D$3:$D$2010,roboczykarol!$L$3:$L$2010),H6="Hurtowa",XLOOKUP(B6,roboczykarol!$D$3:$D$2010,roboczykarol!$N$3:$N$2010))} -> 15.5 | J6: {=IFS(H6="Hurtowa",XLOOKUP(B6,roboczykarol!$D$3:$D$2010,roboczykarol!$O$3:$O$2010),H6="Detaliczna",round(XLOOKUP(B6,roboczykarol!$D$3:$D$2010,roboczykarol!$M$3:$M$2010),1))} -> 19.065 | K6: netto | L6: 23
A7: Kształtka Kozel L90PW z osłoną mleczną LIGER-22 | B7: 42909 | G7: 1 | H7: Detaliczna | I7: {=IFS(H7="detaliczna",XLOOKUP(B7,roboczykarol!$D$3:$D$2010,roboczykarol!$L$3:$L$2010),H7="Hurtowa",XLOOKUP(B7,roboczykarol!$D$3:$D$2010,roboczykarol!$N$3:$N$2010))} -> 19.349594 | J7: {=IFS(H7="Hurtowa",XLOOKUP(B7,roboczykarol!$D$3:$D$2010,roboczykarol!$O$3:$O$2010),H7="Detaliczna",round(XLOOKUP(B7,roboczykarol!$D$3:$D$2010,roboczykarol!$M$3:$M$2010),1))} -> 23.8 | K7: netto | L7: 23
A8: Kształtka Kozel L90PZ z osłoną mleczną LIGER-22 | B8: 342 | G8: 2 | H8: Hurtowa | I8: {=IFS(H8="detaliczna",XLOOKUP(B8,roboczykarol!$D$3:$D$2010,roboczykarol!$L$3:$L$2010),H8="Hurtowa",XLOOKUP(B8,roboczykarol!$D$3:$D$2010,roboczykarol!$N$3:$N$2010))} -> 48.5 | J8: {=IFS(H8="Hurtowa",XLOOKUP(B8,roboczykarol!$D$3:$D$2010,roboczykarol!$O$3:$O$2010),H8="Detaliczna",round(XLOOKUP(B8,roboczykarol!$D$3:$D$2010,roboczykarol!$M$3:$M$2010),1))} -> 59.655 | K8: netto | L8: 23
A9: Kształtka Kozel L90PZ z osłoną mleczną LIGER-22 | B9: 342 | G9: 1 | H9: Detaliczna | I9: {=IFS(H9="detaliczna",XLOOKUP(B9,roboczykarol!$D$3:$D$2010,roboczykarol!$L$3:$L$2010),H9="Hurtowa",XLOOKUP(B9,roboczykarol!$D$3:$D$2010,roboczykarol!$N$3:$N$2010))} -> 60.650407 | J9: {=IFS(H9="Hurtowa",XLOOKUP(B9,roboczykarol!$D$3:$D$2010,roboczykarol!$O$3:$O$2010),H9="Detaliczna",round(XLOOKUP(B9,roboczykarol!$D$3:$D$2010,roboczykarol!$M$3:$M$2010),1))} -> 74.6 | K9: netto | L9: 23
